Id,Burg,Province,Province Full Name,State,State Full Name,Culture,Religion,Group,Population,X,Y,Latitude,Longitude,Elevation (m),Temperature,Temperature likeness,Capital,Port,Citadel,Walls,Plaza,Temple,Shanty Town,Emblem,Preview link
1405,Verov,,,Neutrals,undefined,Peau Blanche,Capisme,village,243,634.89,271.7,27.14,-45.55,25,24°C,Dakar (Senegal),,,,walls,,,,{t1:azure;ordinaries:[{ordinary:chief;t:argent;line:straight}];charges:[{charge:bugleHorn;t:argent;p:ez;t2:argent;size:0.5}];shield:polish},https://watabou.github.io/village-generator/?pop=243&name=Verov&seed=3346405801405&width=800&height=390&style=default&tags=isolated%2Cno+square%2Cpalisade
1406,Hotsagorod,Trubcia,Trubcia Province,Dimensionworld,Duchy of Mstia,Peau Blanche,Capisme,fort,832,638.77685546875,249.85801696777344,32.19,-44.73,16,20°C,Alexandria (Egypt),,,citadel,,,,,{t1:purpure;charges:[{charge:pineCone;t:or;p:e;size:1.5}];shield:polish},null
1407,Slutslav,Trubcia,Trubcia Province,Dimensionworld,Duchy of Mstia,Peau Blanche,Capisme,petitvillage,2385,706.6302490234375,270.0531005859375,27.52,-30.36,36,24°C,Dakar (Senegal),,,citadel,,,,,{t1:argent;division:{division:perPale;t:sable;line:dancetty};charges:[{charge:wolfHeadErased;t:azure;p:pq;t2:azure;size:0.7}];shield:polish},https://watabou.github.io/city-generator/?name=Slutslav&population=2385&size=17&seed=3346405801407&river=1&coast=0&farms=0&citadel=1&urban_castle=0&hub=0&plaza=0&greens=0&temple=0&walls=0&shantytown=0&style=natural
1408,Moschiy,Trubcia,Trubcia Province,Dimensionworld,Duchy of Mstia,Peau Blanche,Capisme,village,1595,646.196533203125,171.12997436523438,50.41,-43.16,49,7°C,Montreal (Canada),,,citadel,,,,,{t1:gules;charges:[{charge:millstone;t:or;p:beh;size:0.5}];shield:polish},https://watabou.github.io/village-generator/?pop=1595&name=Moschiy&seed=3346405801408&width=1600&height=780&style=default&tags=dead+end%2Cno+square%2Cdense
1409,Stapseates,,,Duché de Winvlor,Duché de Winvlor,Peau beige,Christianisme,capitale,1710,815.2994384765625,181.32240295410156,48.05,-7.35,36,9°C,Copenhagen (Denmark),capital,,,,,,,{t1:vert;charges:[{charge:mullet6Faceted;t:argent;p:jln;size:0.7}];shield:wedged},https://watabou.github.io/city-generator/?name=Stapseates&population=1710&size=15&seed=3346405801409&river=0&coast=0&farms=1&citadel=0&urban_castle=0&hub=0&plaza=0&greens=0&temple=0&walls=0&shantytown=0&style=natural
1410,Bediton,,,Montcurie,Monarchie Constitutionelle de Montcurie,Peau beige,Capisme,capitale,1900,882.8198852539062,176.78067016601562,49.1,6.95,49,8°C,Prague (Czechia),capital,,,,plaza,,,{t1:vert;division:{division:perCross;t:or;line:straight};charges:[{charge:stagPassant;t:argent;p:j;t2:argent;size:0.6};{charge:palmTree;t:vert;p:l;size:0.6};{charge:annulet;t:purpure;p:m;size:0.6};{charge:lochaberAxe;t:or;p:o;size:0.6}];shield:wedged},https://watabou.github.io/city-generator/?name=Bediton&population=1900&size=15&seed=3346405801410&river=1&coast=0&farms=1&citadel=0&urban_castle=0&hub=0&plaza=1&greens=1&temple=0&walls=0&shantytown=0&style=natural
1411,Cleoney,,,Duché Élidien,Duché Élidien,Peau beige,Christianisme,capitale,815,900.2671508789062,208.73268127441406,41.71,10.64,16,13°C,Milan (Italy),capital,,citadel,,,,,{t1:purpure;division:{division:perBend;t:argent;line:wavy};charges:[{charge:squirrel;t:or;p:l;size:0.7};{charge:lizard;t:sable;p:m;size:0.7;reversed:1}];shield:wedged},https://watabou.github.io/city-generator/?name=Cleoney&population=815&size=11&seed=3346405801411&river=0&coast=0&farms=1&citadel=1&urban_castle=0&hub=0&plaza=0&greens=0&temple=0&walls=0&shantytown=0&style=natural
1412,Marnhauchse,,,Duché Nordique,Duché Nordique,Peau métissée,Christianisme,capitale,10,957.257080078125,101.958740234375,66.41,22.71,36,-4°C,Yellowknife (Canada),capital,,,,,,,{t1:or;division:{division:perPale;t:purpure;line:straight};charges:[{charge:apple;t:azure;p:p;t2:azure;size:0.7};{charge:sabre;t:argent;p:q;size:0.7}];shield:swiss},https://watabou.github.io/city-generator/?name=Marnhauchse&population=10&size=6&seed=3346405801412&river=0&coast=0&farms=0&citadel=0&urban_castle=0&hub=0&plaza=0&greens=0&temple=0&walls=0&shantytown=0&style=natural
1413,Barrioterio,,,Zagasoroz,Duchy of Zagasoroz,Peau très claire,Christianisme,capitale,10,1098.046630859375,107.9735336303711,65.02,52.53,16,-2°C,Fairbanks (Alaska),capital,,,,,,,{t1:semy_of_mullet-or-sable;ordinaries:[{ordinary:chevron;t:gules}];charges:[{charge:rustre;t:or;p:ach;size:0.5}];shield:oldFrench},https://watabou.github.io/city-generator/?name=Barrioterio&population=10&size=6&seed=3346405801413&river=1&coast=0&farms=0&citadel=0&urban_castle=0&hub=0&plaza=0&greens=0&temple=0&walls=0&shantytown=0&style=natural
1414,Kandiataun,,,Degia,Republic of Degia,Peau très claire,Christianisme,capitale,10,1100.4014892578125,125.80282592773438,60.89,53.03,25,0°C,Murmansk (Russia),capital,,,walls,,,,{t1:gules;division:{division:perFess;t:argent;line:straight};charges:[{charge:arrowsSheaf;t:or;p:e;t2:or;t3:or;divided:field;size:1.5};{charge:drawingCompass;t:vert;p:e;divided:division;size:1.5}];shield:oldFrench},https://watabou.github.io/city-generator/?name=Kandiataun&population=10&size=6&seed=3346405801414&river=0&coast=0&farms=0&citadel=0&urban_castle=0&hub=0&plaza=0&greens=0&temple=0&walls=1&shantytown=0&style=natural
1415,Oriatza,,,Zitiareatxia-Ungry,Duchy of Zitiareatxia,Peau très claire,Judaïsme,capitale,10,1100.0650634765625,145.3141326904297,56.38,52.95,36,3°C,Tromsø (Norway),capital,,,,,,,{t1:lozengy-argent-gules;ordinaries:[{ordinary:bar;t:vert;line:straight}];charges:[{charge:chain;t:argent;p:def;size:0.3}];shield:oldFrench},https://watabou.github.io/city-generator/?name=Oriatza&population=10&size=6&seed=3346405801415&river=1&coast=0&farms=0&citadel=0&urban_castle=0&hub=0&plaza=0&greens=0&temple=0&walls=0&shantytown=0&style=natural
1416,Impwt,Trubcia,Trubcia Province,Dimensionworld,Duchy of Mstia,Peau Blanche,Capisme,village,413,712,153,54.6,-29.22,4,3°C,Tromsø (Norway),,,,walls,,,,{t1:argent;ordinaries:[{ordinary:bendlet;t:gules;line:straight}];charges:[{charge:owl;t:or;p:joe;t2:or;size:0.3}];shield:polish},https://watabou.github.io/village-generator/?pop=413&name=Impwt&seed=3346405801416&width=800&height=390&style=snow&tags=isolated%2Cno+square%2Cpalisade%2Cdense
1417,Enfer,Trubcia,Trubcia Province,Dimensionworld,Duchy of Mstia,Peau Blanche,Capisme,village,1165,719.37,158.07,53.43,-27.66,4,4°C,Reykjavik (Iceland),,,,,,,,{t1:azure;ordinaries:[{ordinary:pallReversed;t:argent}];charges:[{charge:lyre;t:purpure;p:bemo;size:0.5}];shield:polish},https://watabou.github.io/village-generator/?pop=1165&name=Enfer&seed=3346405801417&width=1400&height=683&style=snow&tags=isolated%2Cno+square%2Cdense
1418,Ixbox,Trubcia,Trubcia Province,Dimensionworld,Duchy of Mstia,Peau Blanche,Capisme,capitale,3038,683.3359985351562,194.44400024414062,45.01,-35.29,36,11°C,Antwerp (Belgium),capital,,,,,,,{t1:gules;ordinaries:[{ordinary:pale;t:argent;line:wavy}];charges:[{charge:hatchet;t:sable;p:beh;t2:sable;size:0.5}];shield:polish},https://watabou.github.io/city-generator/?name=Ixbox&population=3038&size=18&seed=3346405801418&river=1&coast=0&farms=1&citadel=0&urban_castle=0&hub=0&plaza=0&greens=0&temple=0&walls=0&shantytown=0&style=natural
1419,Starobo,,,Nouveau-Dimen,Nouveau-Dimen,Peau Blanche,Capisme,capitale,4738,534.6668090820312,209.91644287109375,41.43,-66.78,49,13°C,Milan (Italy),capital,,,,,,,{t1:argent;charges:[{charge:pike;t:gules;p:e;t2:gules;size:1.5}];shield:polish},https://watabou.github.io/city-generator/?name=Starobo&population=4738&size=22&seed=3346405801419&river=0&coast=0&farms=1&citadel=0&urban_castle=0&hub=1&plaza=0&greens=0&temple=0&walls=0&shantytown=0&style=natural
1420,Eschbron,,,Neutrals,undefined,Peau métissée,Christianisme,petitvillage,2187,938.6533203125,249.09519958496094,32.37,18.77,16,20°C,Alexandria (Egypt),,,,walls,,,,{t1:argent;charges:[{charge:crossClechy;t:vert;p:beh;size:0.5}];shield:swiss},https://watabou.github.io/city-generator/?name=Eschbron&population=2187&size=16&seed=3346405801420&river=1&coast=0&farms=1&citadel=0&urban_castle=0&hub=0&plaza=0&greens=0&temple=0&walls=1&shantytown=0&style=natural
1421,Port Saint-Étienne,Île Saint-Étienne,Île Saint-Étienne,Étalie,Premier Empire Étalien,Peau beige,Christianisme,petitvillage,28000,802.6767578125,213.9207763671875,40.51,-10.02,4,15°C,Rome (Italy),,port,citadel,walls,plaza,temple,,{t1:fretty-sable-or;division:{division:perPale;t:argent;line:straight};charges:[{charge:stagPassant;t:purpure;p:p;t2:purpure;size:0.7};{charge:wyvern;t:azure;p:q;size:0.7}];shield:wedged},https://watabou.github.io/city-generator/?name=Port+Saint-%C3%89tienne&population=28000&size=43&seed=3346405801421&river=0&coast=1&farms=1&citadel=1&urban_castle=0&hub=0&plaza=1&greens=1&temple=1&walls=1&shantytown=0&style=natural&sea=0.29
1422,Bischachtal,,,Montcurie,Monarchie Constitutionelle de Montcurie,Peau métissée,Christianisme,village,312,846.17626953125,280.7079162597656,25.05,-0.81,36,25°C,Miami (USA),,,,,,,,{t1:or;ordinaries:[{ordinary:pale;t:gules;line:straight}];charges:[{charge:fleurDeLis;t:vert;p:y;size:0.5}];shield:swiss},https://watabou.github.io/village-generator/?pop=312&name=Bischachtal&seed=3346405801422&width=800&height=390&style=default&tags=isolated%2Cfarmland%2Cno+square%2Cdense
1423,Betasar,,,Neutrals,undefined,Peau très claire,Christianisme,Hameau,10,944.7037963867188,329.2468566894531,13.82,20.05,625,28°C,Bangkok (Thailand),,,,,,,,{t1:sable;charges:[{charge:wheatStalk;t:argent;p:e;t2:argent;size:1.5}];shield:oldFrench},https://watabou.github.io/village-generator/?pop=10&name=Betasar&seed=3346405801423&width=400&height=195&style=sand&tags=isolated%2Cuncultivated%2Cno+square%2Csparse
1424,Taxez,Trubcia,Trubcia Province,Dimensionworld,Duchy of Mstia,Peau Blanche,Capisme,petitvillage,4188,664.3839111328125,184.62059020996094,47.29,-39.31,100,9°C,Copenhagen (Denmark),,,,,,,,{t1:azure;division:{division:perCross;t:argent;line:straight};charges:[{charge:snowflake;t:or;p:jo;divided:counter;size:0.7}];shield:polish},https://watabou.github.io/city-generator/?name=Taxez&population=4188&size=21&seed=3346405801424&river=0&coast=0&farms=1&citadel=0&urban_castle=0&hub=0&plaza=0&greens=0&temple=0&walls=0&shantytown=0&style=natural
1425,Prime,Trubcia,Trubcia Province,Dimensionworld,Duchy of Mstia,Peau Blanche,Capisme,village,1231,700.5257568359375,213.6631622314453,40.57,-31.65,121,14°C,Washington (D.C.),,,,,,,,{t1:gules;division:{division:perFess;t:or;line:wavy};charges:[{charge:crossTau;t:argent;p:k;size:0.7};{charge:inescutcheon;t:purpure;p:n;size:0.7}];shield:polish},https://watabou.github.io/village-generator/?pop=1231&name=Prime&seed=3346405801425&width=1400&height=683&style=default&tags=highway%2Cno+square%2Cdense
1426,Porte,Trubcia,Trubcia Province,Dimensionworld,Duchy of Mstia,Peau Blanche,Capisme,village,616,665.1195068359375,196.27186584472656,44.59,-39.15,81,10°C,London (England),,,,,,,,{t1:azure;ordinaries:[{ordinary:saltire;t:argent;line:straight}];charges:[{charge:head;t:purpure;p:e;t2:argent;size:0.7}];shield:polish},https://watabou.github.io/village-generator/?pop=616&name=Porte&seed=3346405801426&width=1000&height=488&style=default&tags=isolated%2Cno+square%2Cdense
1427,Clé,Trubcia,Trubcia Province,Dimensionworld,Duchy of Mstia,Peau Blanche,Capisme,petitvillage,5240,668.989990234375,176.9193878173828,49.07,-38.33,36,8°C,Prague (Czechia),,,,,,,,{t1:azure;division:{division:perPale;t:argent;line:straight};ordinaries:[{ordinary:piles;t:or}];shield:polish},https://watabou.github.io/city-generator/?name=Cl%C3%A9&population=5240&size=23&seed=3346405801427&river=0&coast=0&farms=1&citadel=0&urban_castle=0&hub=0&plaza=0&greens=0&temple=0&walls=0&shantytown=0&style=natural
1428,Serrure,Trubcia,Trubcia Province,Dimensionworld,Duchy of Mstia,Peau Blanche,Capisme,village,242,676.1781005859375,199.31297302246094,43.89,-36.81,81,11°C,Antwerp (Belgium),,,,,,,,{t1:vert;division:{division:perBendSinister;t:ermine-argent-sable;line:straight};ordinaries:[{ordinary:fess;t:or;line:straight}];shield:polish},https://watabou.github.io/village-generator/?pop=242&name=Serrure&seed=3346405801428&width=800&height=390&style=default&tags=highway%2Cno+square
1429,Contact,Trubcia,Trubcia Province,Dimensionworld,Duchy of Mstia,Peau Blanche,Capisme,petitvillage,2029,684.4719848632812,201.8011474609375,43.31,-35.05,64,12°C,Paris (France),,,,walls,,,,{t1:sable;division:{division:perSaltire;t:argent};charges:[{charge:attire;t:or;p:bhdf;divided:counter;size:0.5}];shield:polish},https://watabou.github.io/city-generator/?name=Contact&population=2029&size=16&seed=3346405801429&river=0&coast=0&farms=1&citadel=0&urban_castle=0&hub=0&plaza=0&greens=0&temple=0&walls=1&shantytown=0&style=natural
1430,Moteur,Trubcia,Trubcia Province,Dimensionworld,Duchy of Mstia,Peau Blanche,Capisme,petitvillage,5286,671.2017211914062,203.45993041992188,42.93,-37.86,64,13°C,Milan (Italy),,,citadel,,,,,{t1:azure;division:{division:perBend;t:argent;line:straight};charges:[{charge:stagPassant;t:or;p:l;t2:or;size:0.7};{charge:pear;t:sable;p:m;size:0.7}];shield:polish},https://watabou.github.io/city-generator/?name=Moteur&population=5286&size=23&seed=3346405801430&river=0&coast=0&farms=1&citadel=1&urban_castle=1&hub=0&plaza=0&greens=0&temple=0&walls=0&shantytown=0&style=natural
1431,Atahim,Trubcia,Trubcia Province,Dimensionworld,Duchy of Mstia,Peau Blanche,Capisme,village,1641,691.9365234375,213.965576171875,40.5,-33.47,36,15°C,Rome (Italy),,,,,,,,{t1:argent;charges:[{charge:stagPassant;t:azure;p:e;t2:azure;size:1.5}];shield:polish},https://watabou.github.io/village-generator/?pop=1641&name=Atahim&seed=3346405801431&width=1600&height=780&style=default&tags=dead+end%2Cno+square%2Cdense
1432,Burgerhuahua,Trubcia,Trubcia Province,Dimensionworld,Duchy of Mstia,Peau Blanche,Capisme,petitvillage,2252,699.4010620117188,219.49485778808594,39.22,-31.89,64,16°C,Dubrovnik (Croatia),,,,walls,,,,{t1:azure;charges:[{charge:head;t:or;p:e;t2:or;size:1.5}];shield:polish},https://watabou.github.io/city-generator/?name=Burgerhuahua&population=2252&size=16&seed=3346405801432&river=0&coast=0&farms=1&citadel=0&urban_castle=0&hub=0&plaza=0&greens=0&temple=0&walls=1&shantytown=0&style=natural
1433,Mcchi,Trubcia,Trubcia Province,Dimensionworld,Duchy of Mstia,Peau Blanche,Capisme,village,1651,677.0074462890625,211.47740173339844,41.07,-36.63,64,13°C,Milan (Italy),,,,,,,,{t1:pally-argent-sable;charges:[{charge:wyvernWithWingsDisplayed;t:gules;p:e;t2:gules;t3:gules;size:1.5}];shield:polish},https://watabou.github.io/village-generator/?pop=1651&name=Mcchi&seed=3346405801433&width=1600&height=780&style=default&tags=river%2Cisolated%2Cno+square%2Cdense
1434,Chaos,Trubcia,Trubcia Province,Dimensionworld,Duchy of Mstia,Peau Blanche,Capisme,village,321,687.2007446289062,229.26324462890625,36.96,-34.48,64,17°C,Lisbon (Portugal),,,,,,,,{t1:vert;division:{division:chevronny;t:argent};ordinaries:[{ordinary:gyron;t:or;divided:counter}];shield:polish},https://watabou.github.io/village-generator/?pop=321&name=Chaos&seed=3346405801434&width=800&height=390&style=default&tags=river%2Cisolated%2Cno+square%2Cdense
1435,Warus,Trubcia,Trubcia Province,Dimensionworld,Duchy of Mstia,Peau Blanche,Capisme,village,542,662.6409301757812,214.18264770507812,40.45,-39.68,121,14°C,Washington (D.C.),,,,,,,,{t1:or;division:{division:perBendSinister;t:vairAncien-argent-azure-smaller;line:straight};ordinaries:[{ordinary:bordure;t:sable}];shield:polish},https://watabou.github.io/village-generator/?pop=542&name=Warus&seed=3346405801435&width=1000&height=488&style=default&tags=dead+end%2Cuncultivated%2Cno+square%2Cdense
1436,Ében,Trubcia,Trubcia Province,Dimensionworld,Duchy of Mstia,Peau Blanche,Capisme,Hameau,55,655.531494140625,207.5041046142578,41.99,-41.18,256,11°C,Antwerp (Belgium),,,,,,,,{t1:vert;ordinaries:[{ordinary:terrace;t:or;line:straight}];charges:[{charge:cock;t:or;p:bdf;t2:or;t3:argent;size:0.5}];shield:polish},https://watabou.github.io/village-generator/?pop=55&name=%C3%89ben&seed=3346405801436&width=400&height=195&style=default&tags=isolated%2Cuncultivated%2Cno+square%2Csparse
1437,Méderrine,,,Rolican,Théocratiee Capiste de Rolican,Peau Blanche,Capisme,capitale,950,573.2345581054688,271.0580139160156,27.29,-58.61,4,24°C,Dakar (Senegal),capital,,,,,,,{t1:or;division:{division:perChevron;t:purpure;line:straight};ordinaries:[{ordinary:quarter;t:sable}];charges:[{charge:ploughshare;t:argent;p:j;size:0.5}];shield:polish},https://watabou.github.io/city-generator/?name=M%C3%A9derrine&population=950&size=12&seed=3346405801437&river=0&coast=0&farms=1&citadel=0&urban_castle=0&hub=0&plaza=0&greens=0&temple=0&walls=0&shantytown=0&style=natural
1438,Pcp (poulet cuit panné),Trubcia,Trubcia Province,Dimensionworld,Duchy of Mstia,Peau Blanche,Capisme,fort,886,703.14306640625,230.12498474121094,36.76,-31.1,121,16°C,Dubrovnik (Croatia),,,citadel,,,,,{t1:or;ordinaries:[{ordinary:pallReversed;t:gules}];charges:[{charge:head;t:or;p:bemo;t2:or;size:0.5}];shield:polish},null
1439,Le-fils-du-colonel,Trubcia,Trubcia Province,Dimensionworld,Duchy of Mstia,Peau Blanche,Capisme,petitvillage,5612,709.3907470703125,234.0028533935547,35.86,-29.78,196,17°C,Lisbon (Portugal),,,,,plaza,,,{t1:pally-argent-sable;division:{division:perBendSinister;t:gules;line:straight};charges:[{charge:triangle;t:purpure;p:e;size:1.5}];shield:polish},https://watabou.github.io/city-generator/?name=Le-fils-du-colonel&population=5612&size=23&seed=3346405801439&river=0&coast=0&farms=1&citadel=0&urban_castle=0&hub=0&plaza=1&greens=1&temple=0&walls=0&shantytown=0&style=natural
1441,Temple-Maudit d'Amoh,,,Delîe,Théocratie maudite de Delîe,Brun clair,Capisme,petitvillage,2395,1342.747802734375,526.1339111328125,-31.73,104.35,36,23°C,Rio de Janeiro (Brazil),,,,,,,,{t1:azure;charges:[{charge:inescutcheon;t:argent;p:e;size:1.5};{charge:spiral;t:gules;p:e;size:0.75}];shield:french},https://watabou.github.io/city-generator/?name=Temple-Maudit+d%27Amoh&population=2395&size=17&seed=3346405801441&river=0&coast=0&farms=1&citadel=0&urban_castle=0&hub=0&plaza=0&greens=0&temple=0&walls=0&shantytown=0&style=natural
1442,Temple-Maudit-de-Destructos,,,Delîe,Théocratie maudite de Delîe,Brun clair,Capisme,village,310,1351.353759765625,504.88519287109375,-26.81,106.17,169,26°C,Jakarta (Indonesia),,,,,,,,{t1:or;charges:[{charge:crossTau;t:sable;p:e;size:1.5}];shield:french},https://watabou.github.io/village-generator/?pop=310&name=Temple-Maudit-de-Destructos&seed=3346405801442&width=800&height=390&style=default&tags=isolated%2Cuncultivated%2Cno+square%2Cdense
1443,Mitrol,,,Delîe,Théocratie maudite de Delîe,Brun clair,Capisme,capitale,167,1348.7281494140625,511.9266662597656,-28.44,105.61,121,24°C,Dakar (Senegal),capital,,,,,,,{t1:or;charges:[{charge:key;t:sable;p:e;size:1.5}];shield:french},https://watabou.github.io/city-generator/?name=Mitrol&population=167&size=6&seed=3346405801443&river=0&coast=0&farms=0&citadel=0&urban_castle=0&hub=0&plaza=0&greens=0&temple=0&walls=0&shantytown=0&style=natural
1444,Montes,,,Delîe,Théocratie maudite de Delîe,Brun clair,Capisme,village,511,1358.292236328125,515.3139038085938,-29.22,107.64,121,24°C,Dakar (Senegal),,,,,,,,{t1:azure;charges:[{charge:maces;t:or;p:e;t2:or;size:1.5}];shield:french},https://watabou.github.io/village-generator/?pop=511&name=Montes&seed=3346405801444&width=1000&height=488&style=default&tags=isolated%2Cuncultivated%2Cno+square%2Cdense
1445,Nasdith,,,Delîe,Théocratie maudite de Delîe,Brun clair,Capisme,village,1776,1340.250732421875,517.5313110351562,-29.74,103.82,169,24°C,Dakar (Senegal),,,,,,,,{t1:purpure;ordinaries:[{ordinary:chevron;t:argent}];charges:[{charge:angel;t:purpure;p:h;t2:purpure;size:0.5}];shield:french},https://watabou.github.io/village-generator/?pop=1776&name=Nasdith&seed=3346405801445&width=1600&height=780&style=default&tags=dead+end%2Cuncultivated%2Cno+square%2Cdense
1446,Maillots,,,Delîe,Théocratie maudite de Delîe,Brun clair,Capisme,village,1053,1353.2022705078125,519.9502563476562,-30.3,106.56,121,24°C,Dakar (Senegal),,,,,,,,{t1:or;charges:[{charge:wolfPassant;t:sable;p:e;t2:sable;t3:sable;size:1.5}];shield:french},https://watabou.github.io/village-generator/?pop=1053&name=Maillots&seed=3346405801446&width=1400&height=683&style=default&tags=isolated%2Cno+square%2Cdense
1447,Babicharq,,,Delîe,Théocratie maudite de Delîe,Brun clair,Capisme,village,608,1338.05224609375,509.000244140625,-27.76,103.35,9,27°C,Mogadishu (Somalia),,,,,,,,{t1:or;charges:[{charge:wolfRampant;t:sable;p:e;t2:sable;t3:azure;size:1.5}];shield:french},https://watabou.github.io/village-generator/?pop=608&name=Babicharq&seed=3346405801447&width=1000&height=488&style=default&tags=dead+end%2Cfarmland%2Cno+orchards%2Cno+square%2Cdense
1448,Kolya,,,Neutrals,undefined,Peau Blanche,Capisme,village,271,618.6428833007812,260.85614013671875,29.65,-48.99,144,21°C,Tegucigalpa (Honduras),,,,,,,,{t1:or;ordinaries:[{ordinary:bar;t:azure;line:straight}];charges:[{charge:crossSaltire;t:or;p:def;size:0.3}];shield:polish},https://watabou.github.io/village-generator/?pop=271&name=Kolya&seed=3346405801448&width=800&height=390&style=default&tags=isolated%2Cno+square
1449,Sintro-Cueva,Duchés-Saints,Duchés-Saints,Étalie,Premier Empire Étalien,Brun,Croyance Autochtone,ville,85000,821.989501953125,488.9999694824219,-23.14,-5.93,289,27°C,Mogadishu (Somalia),,,citadel,walls,plaza,temple,,{t1:argent;charges:[{charge:bearRampant;t:gules;p:e;t2:gules;t3:gules;size:1.5}];shield:pavise},https://watabou.github.io/city-generator/?name=Sintro-Cueva&population=85000&size=65&seed=3346405801449&river=1&coast=0&farms=1&citadel=1&urban_castle=0&hub=0&plaza=1&greens=1&temple=1&walls=1&shantytown=0&style=natural
1451,Xot'lalpan,Stumb,Tribu Stumb,Confédération des 8 tribus,Confédération Autochtone des 8 paires ,Brun,Croyance Autochtone,Hameau,10,732.5079345703125,641.9473266601562,-58.52,-24.88,36,6°C,Stockholm (Sweden),,,,,,,,{t1:or;charges:[{charge:rapier;t:purpure;p:e;t2:purpure;size:1.5}];shield:pavise},https://watabou.github.io/village-generator/?pop=10&name=Xot%27lalpan&seed=3346405801451&width=400&height=195&style=snow&tags=highway%2Cuncultivated%2Cno+square%2Csparse
1452,Tuuski,Tuuski,Tribu Tuuski,Confédération des 8 tribus,Confédération Autochtone des 8 paires ,Brun,Croyance Autochtone,village,1519,730.0494995117188,607.1361694335938,-50.47,-25.4,4,12°C,Paris (France),,,,,,,,{t1:sable;charges:[{charge:grapeBunch2;t:argent;p:e;t2:argent;t3:argent;size:1.5}];shield:pavise},https://watabou.github.io/village-generator/?pop=1519&name=Tuuski&seed=3346405801452&width=1600&height=780&style=default&tags=dead+end%2Cno+square%2Cdense
1453,Nuvu,Nuvu,Tribu Nuvu,Confédération des 8 tribus,Confédération Autochtone des 8 paires ,Brun,Croyance Autochtone,village,560,796.2740478515625,605.0720825195312,-49.99,-11.38,25,11°C,Antwerp (Belgium),,,,,,,,{t1:sable;charges:[{charge:wolfPassant;t:argent;p:e;t2:argent;t3:argent;size:1.5}];shield:pavise},https://watabou.github.io/village-generator/?pop=560&name=Nuvu&seed=3346405801453&width=1000&height=488&style=default&tags=dead+end%2Cno+square%2Cdense
1454,Riuvesh,Riuvesh,Tribu Riuvesh,Confédération des 8 tribus,Confédération Autochtone des 8 paires ,Brun,Croyance Autochtone,village,279,765.4839477539062,613.5006103515625,-51.94,-17.9,25,10°C,London (England),,,,walls,,,,{t1:argent;charges:[{charge:arrowsSheaf;t:sable;p:e;t2:sable;t3:sable;size:1.5}];shield:pavise},https://watabou.github.io/village-generator/?pop=279&name=Riuvesh&seed=3346405801454&width=800&height=390&style=default&tags=estuary%2Cisolated%2Cno+square%2Cpalisade
1455,Opalvenlin,Opalvenlin,Tribu Opalvenlin,Confédération des 8 tribus,Confédération Autochtone des 8 paires ,Brun,Croyance Autochtone,village,279,776.3206787109375,635.5181884765625,-57.04,-15.6,49,6°C,Stockholm (Sweden),,,,,,,,{t1:gules;charges:[{charge:armillarySphere;t:or;p:e;size:1.5}];shield:pavise},https://watabou.github.io/village-generator/?pop=279&name=Opalvenlin&seed=3346405801455&width=800&height=390&style=snow&tags=isolated%2Cuncultivated%2Cno+square
1456,Kkohhavliss,Nuvu,Tribu Nuvu,Confédération des 8 tribus,Confédération Autochtone des 8 paires ,Brun,Croyance Autochtone,village,496,758.08740234375,633.1099853515625,-56.48,-19.46,25,6°C,Stockholm (Sweden),,,,,,,,{t1:gules;charges:[{charge:bowWithArrow;t:or;p:e;t2:or;t3:argent;size:1.5}];shield:pavise},https://watabou.github.io/village-generator/?pop=496&name=Kkohhavliss&seed=3346405801456&width=800&height=390&style=default&tags=dead+end%2Cno+square%2Cdense
1457,Ruotturemi,Ruotturemia,Tribu Ruotturemia,Confédération des 8 tribus,Confédération Autochtone des 8 paires ,Brun,Croyance Autochtone,village,382,756.539306640625,645.494873046875,-59.34,-19.79,64,4°C,Reykjavik (Iceland),,,,,,,,{t1:sable;ordinaries:[{ordinary:pale;t:argent;line:straight}];charges:[{charge:scrollClosed;t:azure;p:beh;t2:azure;size:0.5}];shield:pavise},https://watabou.github.io/village-generator/?pop=382&name=Ruotturemi&seed=3346405801457&width=800&height=390&style=snow&tags=isolated%2Cuncultivated%2Cno+square%2Cdense
1458,Nupp!el,Nuvu,Tribu Nuvu,Confédération des 8 tribus,Confédération Autochtone des 8 paires ,Brun,Croyance Autochtone,petitvillage,2236,794.0978393554688,615.5610961914062,-52.42,-11.84,25,10°C,London (England),,,,,,,,{t1:argent;division:{division:perBendSinister;t:vert;line:nebuly};charges:[{charge:fusil;t:azure;p:j;size:0.7};{charge:skull;t:or;p:o;size:0.7}];shield:pavise},https://watabou.github.io/city-generator/?name=Nupp%21el&population=2236&size=16&seed=3346405801458&river=0&coast=0&farms=1&citadel=0&urban_castle=0&hub=0&plaza=0&greens=0&temple=0&walls=0&shantytown=0&style=natural
1459,Taklevi,Nuvu,Tribu Nuvu,Confédération des 8 tribus,Confédération Autochtone des 8 paires ,Brun,Croyance Autochtone,village,1891,784.868896484375,625.0669555664062,-54.62,-13.79,49,8°C,Prague (Czechia),,,,,,,,{t1:purpure;ordinaries:[{ordinary:cross;t:argent;line:embattled}];charges:[{charge:portcullis;t:purpure;p:behdf;t2:argent;size:0.3}];shield:pavise},https://watabou.github.io/village-generator/?pop=1891&name=Taklevi&seed=3346405801459&width=1600&height=780&style=default&tags=isolated%2Cno+square%2Cdense
1460,Hhavunn,Nuvu,Tribu Nuvu,Confédération des 8 tribus,Confédération Autochtone des 8 paires ,Brun,Croyance Autochtone,petitvillage,3721,784.0382690429688,615.7456665039062,-52.46,-13.97,49,10°C,London (England),,,,,,,,{t1:azure;charges:[{charge:sunInSplendour2;t:argent;p:abcpqh;size:0.5}];shield:pavise},https://watabou.github.io/city-generator/?name=Hhavunn&population=3721&size=20&seed=3346405801460&river=0&coast=0&farms=1&citadel=0&urban_castle=0&hub=0&plaza=0&greens=0&temple=0&walls=0&shantytown=0&style=natural
1461,Rrupa,Nuvu,Tribu Nuvu,Confédération des 8 tribus,Confédération Autochtone des 8 paires ,Brun,Croyance Autochtone,petitvillage,5135,784.8506469726562,607.0864868164062,-50.46,-13.8,16,11°C,Antwerp (Belgium),,,,,,,,{t1:sable;charges:[{charge:crossFitchy;t:or;p:e;size:1.5}];shield:pavise},https://watabou.github.io/city-generator/?name=Rrupa&population=5135&size=22&seed=3346405801461&river=0&coast=0&farms=1&citadel=0&urban_castle=0&hub=0&plaza=0&greens=0&temple=0&walls=0&shantytown=0&style=natural
1462,ǁissel,Nuvu,Tribu Nuvu,Confédération des 8 tribus,Confédération Autochtone des 8 paires ,Brun,Croyance Autochtone,petitvillage,2204,800.038330078125,605.4061889648438,-50.07,-10.58,25,11°C,Antwerp (Belgium),,,,,,,,{t1:gules;ordinaries:[{ordinary:cross;t:argent;line:wavy}];charges:[{charge:agnusDei;t:gules;p:behdf;t2:argent;size:0.3}];shield:pavise},https://watabou.github.io/city-generator/?name=%C7%81issel&population=2204&size=16&seed=3346405801462&river=0&coast=0&farms=1&citadel=0&urban_castle=0&hub=0&plaza=0&greens=0&temple=0&walls=0&shantytown=0&style=natural
1463,Vattko,Nuvu,Tribu Nuvu,Confédération des 8 tribus,Confédération Autochtone des 8 paires ,Brun,Croyance Autochtone,petitvillage,3133,793.381591796875,599.9127807617188,-48.8,-11.99,25,12°C,Paris (France),,,,,,,,{t1:gules;charges:[{charge:ladder2;t:argent;p:e;size:1.5}];shield:pavise},https://watabou.github.io/city-generator/?name=Vattko&population=3133&size=19&seed=3346405801463&river=0&coast=0&farms=1&citadel=0&urban_castle=0&hub=0&plaza=0&greens=0&temple=0&walls=0&shantytown=0&style=natural
1464,Maljame,Nuvu,Tribu Nuvu,Confédération des 8 tribus,Confédération Autochtone des 8 paires ,Brun,Croyance Autochtone,village,1251,796.9361572265625,609.4777221679688,-51.01,-11.24,25,11°C,Antwerp (Belgium),,,,,plaza,,,{t1:or;division:{division:perCross;t:pally-argent-purpure;line:rayonne};ordinaries:[{ordinary:pall;t:gules;divided:counter}];shield:pavise},https://watabou.github.io/village-generator/?pop=1251&name=Maljame&seed=3346405801464&width=1400&height=683&style=default&tags=isolated%2Cdense
1465,Eelkael,Tuuski,Tribu Tuuski,Confédération des 8 tribus,Confédération Autochtone des 8 paires ,Brun,Croyance Autochtone,village,517,721.0597534179688,615.01416015625,-52.29,-27.3,25,10°C,London (England),,,,,,,,{t1:semy_of_mullet6Pierced-argent-purpure-small;charges:[{charge:crossCeltic;t:sable;p:e;size:1.5}];shield:pavise},https://watabou.github.io/village-generator/?pop=517&name=Eelkael&seed=3346405801465&width=1000&height=488&style=default&tags=dead+end%2Cno+square%2Cdense
1466,Koornmust,Tuuski,Tribu Tuuski,Confédération des 8 tribus,Confédération Autochtone des 8 paires ,Brun,Croyance Autochtone,village,1525,735.361083984375,612.260986328125,-51.65,-24.28,4,11°C,Antwerp (Belgium),,,,,,,,{t1:gules;charges:[{charge:anchor;t:argent;p:e;size:1.5}];shield:pavise},https://watabou.github.io/village-generator/?pop=1525&name=Koornmust&seed=3346405801466&width=1600&height=780&style=default&tags=dead+end%2Cno+square%2Cdense
1467,Ðornvaaki,Tuuski,Tribu Tuuski,Confédération des 8 tribus,Confédération Autochtone des 8 paires ,Brun,Croyance Autochtone,village,1022,731.460693359375,618.6851196289062,-53.14,-25.1,4,10°C,London (England),,,citadel,walls,,,,{t1:sable;charges:[{charge:wolfHeadErased;t:argent;p:abcpqh;t2:argent;size:0.5}];shield:pavise},https://watabou.github.io/village-generator/?pop=1022&name=%C3%90ornvaaki&seed=3346405801467&width=1400&height=683&style=default&tags=dead+end%2Cno+square%2Cpalisade%2Cdense
1468,Ðaalŋeel,Tuuski,Tribu Tuuski,Confédération des 8 tribus,Confédération Autochtone des 8 paires ,Brun,Croyance Autochtone,village,1504,733.2196655273438,625.4151000976562,-54.7,-24.73,25,8°C,Prague (Czechia),,,,,,,,{t1:vert;ordinaries:[{ordinary:canton;t:argent}];charges:[{charge:armEmbowedHoldingSabre;t:vert;p:y;t2:vert;t3:argent;size:0.5;sinister:1}];shield:pavise},https://watabou.github.io/village-generator/?pop=1504&name=%C3%90aal%C5%8Beel&seed=3346405801468&width=1600&height=780&style=default&tags=estuary%2Cisolated%2Cno+square%2Cdense
1469,Shôlavien,Riuvesh,Tribu Riuvesh,Confédération des 8 tribus,Confédération Autochtone des 8 paires ,Brun,Croyance Autochtone,Hameau,20,747.52783203125,620.893798828125,-53.65,-21.7,484,5°C,Harbin (China),,,,,,,,{t1:vert;division:{division:perBendSinister;t:argent;line:straight};charges:[{charge:cowHorns;t:or;p:j;size:0.7};{charge:cavalier;t:azure;p:o;size:0.7}];shield:pavise},https://watabou.github.io/village-generator/?pop=20&name=Sh%C3%B4lavien&seed=3346405801469&width=400&height=195&style=snow&tags=isolated%2Cuncultivated%2Cno+square%2Csparse
1470,Fuermiesh,Riuvesh,Tribu Riuvesh,Confédération des 8 tribus,Confédération Autochtone des 8 paires ,Brun,Croyance Autochtone,village,1106,757.90185546875,618.56689453125,-53.11,-19.5,121,9°C,Copenhagen (Denmark),,,,walls,,,,{t1:argent;charges:[{charge:crossedBones;t:sable;p:e;size:1.5}];shield:pavise},https://watabou.github.io/village-generator/?pop=1106&name=Fuermiesh&seed=3346405801470&width=1400&height=683&style=default&tags=highway%2Cfarmland%2Cno+square%2Cpalisade%2Cdense
1471,Chielduv,Riuvesh,Tribu Riuvesh,Confédération des 8 tribus,Confédération Autochtone des 8 paires ,Brun,Croyance Autochtone,petitvillage,4937,771.6692504882812,620.3120727539062,-53.52,-16.59,25,8°C,Prague (Czechia),,,,,,,,{t1:bendy-argent-gules;ordinaries:[{ordinary:chevron;t:azure}];shield:pavise},https://watabou.github.io/city-generator/?name=Chielduv&population=4937&size=22&seed=3346405801471&river=1&coast=0&farms=1&citadel=0&urban_castle=0&hub=0&plaza=0&greens=0&temple=0&walls=0&shantytown=0&style=natural
1472,Rhaoshiel,Riuvesh,Tribu Riuvesh,Confédération des 8 tribus,Confédération Autochtone des 8 paires ,Brun,Croyance Autochtone,village,418,775.54736328125,623.8993530273438,-54.35,-15.77,144,7°C,Montreal (Canada),,,,,,,,{t1:gules;division:{division:perFess;t:argent;line:wavy};charges:[{charge:peacock;t:or;p:k;t2:or;t3:or;size:0.7};{charge:elephant;t:purpure;p:n;size:0.7}];shield:pavise},https://watabou.github.io/village-generator/?pop=418&name=Rhaoshiel&seed=3346405801472&width=800&height=390&style=default&tags=isolated%2Cfarmland%2Cno+square%2Cdense
1473,Lhavueri,Riuvesh,Tribu Riuvesh,Confédération des 8 tribus,Confédération Autochtone des 8 paires ,Brun,Croyance Autochtone,village,1060,760.0347900390625,626.7109985351562,-55,-19.05,49,8°C,Prague (Czechia),,,citadel,,,,,{t1:or;charges:[{charge:thistle;t:purpure;p:e;size:1.5}];shield:pavise},https://watabou.github.io/village-generator/?pop=1060&name=Lhavueri&seed=3346405801473&width=1400&height=683&style=default&tags=isolated%2Cfarmland%2Cno+square%2Cdense
1474,Shâmbuev,Riuvesh,Tribu Riuvesh,Confédération des 8 tribus,Confédération Autochtone des 8 paires ,Brun,Croyance Autochtone,petitvillage,3329,758.1926879882812,613.1375122070312,-51.86,-19.44,121,9°C,Copenhagen (Denmark),,,,walls,,,,{t1:gules;charges:[{charge:mullet;t:argent;p:e;size:1.5}];shield:pavise},https://watabou.github.io/city-generator/?name=Sh%C3%A2mbuev&population=3329&size=19&seed=3346405801474&river=0&coast=0&farms=1&citadel=0&urban_castle=0&hub=0&plaza=0&greens=0&temple=0&walls=1&shantytown=0&style=natural
1475,Vielorh,Riuvesh,Tribu Riuvesh,Confédération des 8 tribus,Confédération Autochtone des 8 paires ,Brun,Croyance Autochtone,petitvillage,3130,772.1539916992188,627.8744506835938,-55.27,-16.49,144,7°C,Montreal (Canada),,,,,,,,{t1:argent;ordinaries:[{ordinary:cross;t:purpure;line:raguly}];charges:[{charge:rustre;t:or;p:behdf;size:0.3}];shield:pavise},https://watabou.github.io/city-generator/?name=Vielorh&population=3130&size=19&seed=3346405801475&river=0&coast=0&farms=1&citadel=0&urban_castle=0&hub=0&plaza=0&greens=0&temple=0&walls=0&shantytown=0&style=natural
1476,Bosbuteso,Bosbuteso,Tribu Bosbuteso,Confédération des 8 tribus,Confédération Autochtone des 8 paires ,Wildlands,Croyance Autochtone,village,181,873.1796875,615.6683959960938,-52.44,4.91,16,10°C,London (England),,,,,,,,{t1:barryBendy-argent-azure;division:{division:perPile;t:gules;line:straight};charges:[{charge:horseHeadCouped;t:vert;p:e;size:0.7}];shield:round},https://watabou.github.io/village-generator/?pop=181&name=Bosbuteso&seed=3346405801476&width=600&height=293&style=default&tags=isolated%2Cno+square
1477,Klaukmosaa,Klaukmosaa,Tribu Klaukmosaa,Confédération des 8 tribus,Confédération Autochtone des 8 paires ,Brun,Croyance Autochtone,capitale,1574,844.490234375,602.451904296875,-49.38,-1.17,16,12°C,Paris (France),capital,,,,,,,{t1:potentEnPointe-vert-or;charges:[{charge:stagPassant;t:argent;p:e;t2:argent;size:1.5}];shield:pavise},https://watabou.github.io/city-generator/?name=Klaukmosaa&population=1574&size=14&seed=3346405801477&river=0&coast=0&farms=1&citadel=0&urban_castle=0&hub=0&plaza=0&greens=0&temple=0&walls=0&shantytown=0&style=natural
1478,Orremaux,,,Cheauvilleresia,Duchy of Cheauvilleresia,Brun clair,Ginessémanie,capitale,13943,1305.591796875,541.3240966796875,-35.24,96.48,16,21°C,Tegucigalpa (Honduras),capital,,,,plaza,,,{t1:argent;charges:[{charge:stagPassant;t:gules;p:e;t2:gules;size:1.5}];shield:french},https://watabou.github.io/city-generator/?name=Orremaux&population=13943&size=33&seed=3346405801478&river=0&coast=0&farms=1&citadel=0&urban_castle=0&hub=0&plaza=1&greens=1&temple=0&walls=0&shantytown=0&style=natural
1479,Ginessemanne,,,Ginessemanne,Free City of Ginessemanne,Brun clair,Ginessémanie,capitale,1172,1306.9227294921875,557.6583862304688,-39.02,96.76,16,19°C,Marrakesh (Morocco),capital,,,,,,,{t1:argent;charges:[{charge:horsePassant;t:gules;p:e;t2:gules;size:1.5}];shield:french},https://watabou.github.io/city-generator/?name=Ginessemanne&population=1172&size=13&seed=3346405801479&river=0&coast=0&farms=1&citadel=0&urban_castle=0&hub=0&plaza=0&greens=0&temple=0&walls=0&shantytown=0&style=natural
1480,Tzuktepec,Stumb,Tribu Stumb,Confédération des 8 tribus,Confédération Autochtone des 8 paires ,Brun,Croyance Autochtone,village,1256,730.3164672851562,648.8335571289062,-60.12,-25.34,36,4°C,Reykjavik (Iceland),,,citadel,,,,,{t1:or;division:{division:perPile;t:azure;line:straight};shield:pavise},https://watabou.github.io/village-generator/?pop=1256&name=Tzuktepec&seed=3346405801480&width=1400&height=683&style=snow&tags=isolated%2Cuncultivated%2Cno+square%2Cdense
1481,K'inalli,Stumb,Tribu Stumb,Confédération des 8 tribus,Confédération Autochtone des 8 paires ,Brun,Croyance Autochtone,village,846,738.5162353515625,641.3380737304688,-58.38,-23.61,36,6°C,Stockholm (Sweden),,,,,,,,{t1:sable;ordinaries:[{ordinary:chief;t:argent;line:straight}];charges:[{charge:hook;t:purpure;p:abc;size:0.5}];shield:pavise},https://watabou.github.io/village-generator/?pop=846&name=K%27inalli&seed=3346405801481&width=1000&height=488&style=snow&tags=isolated%2Cuncultivated%2Cno+square%2Cdense
1482,Tlapanxo,Stumb,Tribu Stumb,Confédération des 8 tribus,Confédération Autochtone des 8 paires ,Brun,Croyance Autochtone,village,353,731.3378295898438,638.1420288085938,-57.64,-25.13,196,5°C,Harbin (China),,,,,,,,{t1:vert;ordinaries:[{ordinary:fessCotissed;t:argent;line:wavy}];charges:[{charge:raft;t:or;p:e;size:1.5}];shield:pavise},https://watabou.github.io/village-generator/?pop=353&name=Tlapanxo&seed=3346405801482&width=800&height=390&style=snow&tags=dead+end%2Cuncultivated%2Cno+square%2Cdense
1483,Cue'xtlan,Stumb,Tribu Stumb,Confédération des 8 tribus,Confédération Autochtone des 8 paires ,Brun,Croyance Autochtone,village,378,726.1830444335938,643.941162109375,-58.98,-26.22,36,4°C,Reykjavik (Iceland),,,,,,,,{t1:sable;charges:[{charge:rapier;t:argent;p:def;t2:argent;size:0.5}];shield:pavise},https://watabou.github.io/village-generator/?pop=378&name=Cue%27xtlan&seed=3346405801483&width=800&height=390&style=snow&tags=isolated%2Cuncultivated%2Cno+square%2Cdense
1484,Xochitlalpan,Stumb,Tribu Stumb,Confédération des 8 tribus,Confédération Autochtone des 8 paires ,Brun,Croyance Autochtone,village,336,736.38525390625,643.0283203125,-58.77,-24.06,36,6°C,Stockholm (Sweden),,,,walls,,,,{t1:argent;charges:[{charge:talbotPassant;t:gules;p:e;t2:gules;t3:sable;size:1.5}];shield:pavise},https://watabou.github.io/village-generator/?pop=336&name=Xochitlalpan&seed=3346405801484&width=800&height=390&style=snow&tags=isolated%2Cuncultivated%2Cno+square%2Cpalisade%2Cdense
1485,Mâkwanishi,Opalvenlin,Tribu Opalvenlin,Confédération des 8 tribus,Confédération Autochtone des 8 paires ,Brun,Croyance Autochtone,village,226,778.6807861328125,629.2056274414062,-55.57,-15.1,144,7°C,Montreal (Canada),,,,,,,,{t1:gules;charges:[{charge:arrowsSheaf;t:argent;p:e;t2:argent;t3:or;size:1.5}];shield:pavise},https://watabou.github.io/village-generator/?pop=226&name=M%C3%A2kwanishi&seed=3346405801485&width=800&height=390&style=default&tags=isolated%2Cno+square
1486,Wâbizishi,Opalvenlin,Tribu Opalvenlin,Confédération des 8 tribus,Confédération Autochtone des 8 paires ,Brun,Croyance Autochtone,Hameau,24,771.0506591796875,635.79052734375,-57.1,-16.72,49,6°C,Stockholm (Sweden),,,,,,,,{t1:argent;division:{division:perBend;t:gules;line:straight};charges:[{charge:crossHummetty;t:sable;p:l;size:0.7};{charge:wolfHeadErased;t:or;p:m;size:0.7}];shield:pavise},https://watabou.github.io/village-generator/?pop=24&name=W%C3%A2bizishi&seed=3346405801486&width=400&height=195&style=snow&tags=dead+end%2Cuncultivated%2Cno+square%2Csparse
1487,Shkodeshi,Opalvenlin,Tribu Opalvenlin,Confédération des 8 tribus,Confédération Autochtone des 8 paires ,Brun,Croyance Autochtone,Hameau,23,771.52099609375,640.0759887695312,-58.09,-16.62,49,6°C,Stockholm (Sweden),,,,,,,,{t1:gules;ordinaries:[{ordinary:chevron;t:or}];charges:[{charge:greyhoundCourant;t:gules;p:ach;t2:gules;t3:or;size:0.5}];shield:pavise},https://watabou.github.io/village-generator/?pop=23&name=Shkodeshi&seed=3346405801487&width=400&height=195&style=snow&tags=pond%2Cdead+end%2Cuncultivated%2Cno+square%2Csparse
1488,Mishiike'oming,Opalvenlin,Tribu Opalvenlin,Confédération des 8 tribus,Confédération Autochtone des 8 paires ,Brun,Croyance Autochtone,fort,128,767.7059326171875,644.8839721679688,-59.2,-17.43,49,6°C,Stockholm (Sweden),,,citadel,,,,,{t1:or;division:{division:perPale;t:azure;line:straight};ordinaries:[{ordinary:cross;t:purpure;line:straight;divided:division}];shield:pavise},null
1489,Animikiins,Opalvenlin,Tribu Opalvenlin,Confédération des 8 tribus,Confédération Autochtone des 8 paires ,Brun,Croyance Autochtone,village,202,764.6748046875,634.1704711914062,-56.72,-18.07,49,6°C,Stockholm (Sweden),,,,,,,,{t1:azure;division:{division:perCross;t:argent;line:dovetailed};charges:[{charge:mace;t:or;p:j;t2:or;size:0.6};{charge:garb;t:vert;p:l;size:0.6};{charge:crossHummetty;t:gules;p:m;size:0.6};{charge:elephantHeadErased;t:argent;p:o;size:0.6}];shield:pavise},https://watabou.github.io/village-generator/?pop=202&name=Animikiins&seed=3346405801489&width=800&height=390&style=snow&tags=dead+end%2Cuncultivated%2Cno+square
1490,Ënakowân,Opalvenlin,Tribu Opalvenlin,Confédération des 8 tribus,Confédération Autochtone des 8 paires ,Brun,Croyance Autochtone,village,407,783.0184326171875,634.849853515625,-56.88,-14.18,16,6°C,Stockholm (Sweden),,,,,,,,{t1:argent;ordinaries:[{ordinary:cross;t:azure;line:dovetailed}];charges:[{charge:dragonfly;t:argent;p:beh;t2:argent;size:0.3}];shield:pavise},https://watabou.github.io/village-generator/?pop=407&name=%C3%8Bnakow%C3%A2n&seed=3346405801490&width=800&height=390&style=snow&tags=dead+end%2Cuncultivated%2Cno+square%2Cdense
1491,Ningâbishish,Opalvenlin,Tribu Opalvenlin,Confédération des 8 tribus,Confédération Autochtone des 8 paires ,Brun,Croyance Autochtone,fort,183,766.1381225585938,639.2920532226562,-57.91,-17.76,49,6°C,Stockholm (Sweden),,,citadel,,,,,{t1:purpure;division:{division:perChevron;t:argent;line:raguly};charges:[{charge:hand;t:or;p:jlh;size:0.7}];shield:pavise},null
1492,Vovovo,Trubcia,Trubcia Province,Dimensionworld,Duchy of Mstia,Peau Blanche,Capisme,village,1031,537.5799560546875,149.2716522216797,55.46,-66.16,9,3°C,Tromsø (Norway),,,,,,,,{t1:or;ordinaries:[{ordinary:cross;t:purpure;line:straight}];charges:[{charge:stagsAttires;t:or;p:beh;size:0.3}];shield:polish},https://watabou.github.io/village-generator/?pop=1031&name=Vovovo&seed=3346405801492&width=1400&height=683&style=snow&tags=river%2Cisolated%2Cuncultivated%2Cno+square%2Cdense
1493,UA,,,UA,Union Algancéene,Peau métissée,No religion,capitale,0,950.0625610351562,211.40548706054688,41.09,21.19,25,13°C,Milan (Italy),capital,,,,plaza,,,{t1:gules;charges:[{charge:centaur;t:or;p:e;t2:or;t3:argent;size:1.5}];shield:swiss},https://watabou.github.io/city-generator/?name=UA&population=0&size=6&seed=3346405801493&river=0&coast=0&farms=1&citadel=0&urban_castle=0&hub=0&plaza=1&greens=1&temple=0&walls=0&shantytown=0&style=natural
1494,UQ,,,UQ,Union Québécoise,Peau Blanche,Capisme,capitale,0,613.6856079101562,253.8059844970703,31.28,-50.04,4,21°C,Tegucigalpa (Honduras),capital,,,,,,,{t1:argent;charges:[{charge:eagle;t:purpure;p:e;t2:purpure;t3:vert;size:1.5}];shield:polish},https://watabou.github.io/city-generator/?name=UQ&population=0&size=6&seed=3346405801494&river=0&coast=0&farms=0&citadel=0&urban_castle=0&hub=0&plaza=0&greens=0&temple=0&walls=0&shantytown=0&style=natural
1495,Senalbrandt,,,Chagne,Protectorat Indépendant Étalois de Chagne,Peau métissée,No religion,capitale,971,972.57,195.64,44.74,25.96,100,10°C,London (England),capital,,,,,,,{t1:or;charges:[{charge:fountain;t:azure;p:e;size:1.5}];shield:swiss},https://watabou.github.io/city-generator/?name=Senalbrandt&population=971&size=12&seed=3346405801495&river=0&coast=0&farms=1&citadel=0&urban_castle=0&hub=0&plaza=0&greens=0&temple=0&walls=0&shantytown=0&style=natural
1499,San Momel-de-la-Colonización,,,Dimensionworld,Duchy of Mstia,Peau Blanche,Croyance Autochtone,village,1332,804.3800048828125,430.3929138183594,-9.58,-9.66,4,33°C,Mecca (Saudi Arabia),,,,,,,,{t1:argent;ordinaries:[{ordinary:saltire;t:gules;line:wavy}];charges:[{charge:mullet6;t:argent;p:jlemo;size:0.4}];shield:polish},https://watabou.github.io/village-generator/?pop=1332&name=San+Momel-de-la-Colonizaci%C3%B3n&seed=3346405801499&width=1400&height=683&style=default&tags=river%2Cisolated%2Cno+orchards%2Cno+square%2Cdense
1501,Bâteau,Trubcia,Trubcia Province,Dimensionworld,Duchy of Mstia,Peau Blanche,Capisme,village,1239,579.5394897460938,121.97409057617188,61.78,-57.27,4,0°C,Murmansk (Russia),,,,,,,,{t1:azure;division:{division:perPale;t:argent;line:straight};ordinaries:[{ordinary:gyron;t:or}];shield:polish},https://watabou.github.io/village-generator/?pop=1239&name=B%C3%A2teau&seed=3346405801501&width=1400&height=683&style=snow&tags=estuary%2Cisolated%2Cuncultivated%2Cno+orchards%2Cno+square%2Cdense
1505,Port-Aux-Souverains,Fleury,Fleury Province,Étalie,Premier Empire Étalien,Peau métissée,Capisme,ville,892000,908.7876586914062,539.51904296875,-34.82,12.45,36,22°C,Guangzhou (China),,port,citadel,walls,plaza,temple,,{t1:gules;division:{division:perFess;t:or;line:straight};charges:[{charge:anchor;t:argent;p:e;divided:field;size:1.5}];shield:swiss},https://watabou.github.io/city-generator/?name=Port-Aux-Souverains&population=892000&size=100&seed=3346405801505&river=0&coast=1&farms=1&citadel=1&urban_castle=0&hub=0&plaza=1&greens=1&temple=1&walls=1&shantytown=0&style=natural&sea=1.17
1510,Gibaltage,Gibaltage,Nom original; Jabal Jaleedi - Nom italianisé: Gibaltage - Nom Officiel: Quadèrnitophanilorezque,Étalie,Premier Empire Étalien,Peau Blanche,Capisme,petitvillage,14000,479.4365539550781,114.33135223388672,63.55,-78.47,49,-1°C,Nuuk (Greenland),,,citadel,,,temple,shanty town,{t1:pappellony-azure-argent;division:{division:perFess;t:or;line:straight};charges:[{charge:portcullis;t:purpure;p:k;t2:purpure;size:0.7};{charge:escallop;t:gules;p:n;size:0.7}];shield:polish},https://watabou.github.io/city-generator/?name=Gibaltage&population=14000&size=33&seed=3346405801510&river=0&coast=0&farms=0&citadel=1&urban_castle=1&hub=0&plaza=0&greens=0&temple=1&walls=0&shantytown=1&style=natural
1511,Lalphonce,,,Neutrals,undefined,Peau très claire,Islam,petitvillage,4302,1325.8587646484375,181.35385131835938,48.04,100.77,16,9°C,Copenhagen (Denmark),,,,,plaza,,,{t1:argent;ordinaries:[{ordinary:cross;t:gules;line:straight}];charges:[{charge:falcon;t:gules;p:acgi;t2:gules;t3:azure;size:0.5}];shield:oldFrench},https://watabou.github.io/city-generator/?name=Lalphonce&population=4302&size=21&seed=3346405801511&river=0&coast=0&farms=1&citadel=0&urban_castle=0&hub=0&plaza=1&greens=1&temple=0&walls=0&shantytown=0&style=natural
1512,Verzutia,,,Arabie Nordique,Califat d'Arabie Nordique,Peau très claire,Islam,petitvillage,2771,1140.86328125,403.3128356933594,-3.31,61.59,4,34°C,Mecca (Saudi Arabia),,,,,plaza,,,{t1:gules;charges:[{charge:triangle;t:or;p:acegi;size:0.4}];shield:oldFrench},https://watabou.github.io/city-generator/?name=Verzutia&population=2771&size=18&seed=3346405801512&river=0&coast=0&farms=1&citadel=0&urban_castle=0&hub=0&plaza=1&greens=1&temple=0&walls=0&shantytown=0&style=natural
1513,Marmaizkio,,,Neutrals,undefined,Peau très claire,Judaïsme,trading_post,266,1125.038818359375,265.55816650390625,28.56,58.24,3249,1°C,Arkhangelsk (Russia),,,,,plaza,,,{t1:bendy-or-purpure;ordinaries:[{ordinary:bend;t:azure;line:straight}];shield:oldFrench},null
1514,Bjermahlid,,,Neutrals,undefined,Brun foncé,No religion,village,844,284.38153076171875,211.44378662109375,41.08,-119.78,441,12°C,Paris (France),,,,,plaza,,,{t1:or;division:{division:perChevron;t:azure;line:straight};ordinaries:[{ordinary:pale;t:gules;line:straight;divided:counter}];shield:heater},https://watabou.github.io/village-generator/?pop=844&name=Bjermahlid&seed=3346405801514&width=1000&height=488&style=default&tags=dead+end%2Cdense
1515,Riofrin,,,Neutrals,undefined,Noir,Âmes Noires,trading_post,10,250.90020751953125,538.0074462890625,-34.47,-126.87,784,16°C,Dubrovnik (Croatia),,,,walls,plaza,,,{t1:or;division:{division:perFess;t:counterPotent-argent-azure;line:straight};ordinaries:[{ordinary:cross;t:purpure;line:straight}];shield:spanish},null
1516,Hetvesuu,,,Neutrals,undefined,Brun,Dandéisme,caravanserai,10,473.64666748046875,429.0497131347656,-9.27,-79.7,729,28°C,Bangkok (Thailand),,,,,plaza,,,{t1:azure;charges:[{charge:stagsAttires;t:argent;p:e;size:1.5}];shield:pavise},null
1517,Rzhev,,,Neutrals,undefined,Peau Blanche,No religion,caravanserai,301,397.0305480957031,375.68548583984375,3.08,-95.92,1369,25°C,Miami (USA),,,,,plaza,,,{t1:vert;charges:[{charge:mascle;t:argent;p:df;size:0.5}];shield:polish},null
1518,Milleniar,Quoueta-Et-Milenniar-Dimensional,Quoueta-Et-Milenniar-Dimensional,Dimensionworld,Duchy of Mstia,Brun clair,Islam,trading_post,385,1191.3424072265625,526.7535400390625,-31.87,72.28,25,23°C,Rio de Janeiro (Brazil),,,,,plaza,,,{t1:argent;ordinaries:[{ordinary:chevron;t:vert}];charges:[{charge:bridge;t:argent;p:ach;size:0.5}];shield:french},null
1519,Angerce,Pruxe,Pruxe,Étalie,Premier Empire Étalien,Brun clair,Capisme,petitvillage,52000,1191.3424072265625,536.5073852539062,-34.13,72.28,64,22°C,Guangzhou (China),,,,,,,,{t1:argent;ordinaries:[{ordinary:bendSinister;t:vert;line:bevilled}];charges:[{charge:lighthouse;t:argent;p:e;t2:vert;t3:argent;size:0.7}];shield:french},https://watabou.github.io/city-generator/?name=Angerce&population=52000&size=54&seed=3346405801519&river=0&coast=0&farms=1&citadel=0&urban_castle=0&hub=0&plaza=0&greens=0&temple=0&walls=0&shantytown=0&style=natural
1520,Imperoma,Grande-Capitale,Grande-Capitale,Étalie,Premier Empire Étalien,Peau métissée,Capisme,capitale,3729391,997.324462890625,577.57958984375,-43.63,31.2,9,15°C,Rome (Italy),capital,port,citadel,walls,plaza,temple,shanty town,{t1:vert;charges:[{charge:hook;t:argent;p:jln;size:0.7}];shield:swiss},https://watabou.github.io/city-generator/?name=Imperoma&population=3729391&size=100&seed=3346405801520&river=0&coast=1&farms=1&citadel=1&urban_castle=1&hub=0&plaza=1&greens=1&temple=1&walls=1&shantytown=1&style=natural&sea=1.68
1521,Lataylon,Grande-Capitale,Grande-Capitale,Étalie,Premier Empire Étalien,Peau métissée,Capisme,ville,148000,1005.042236328125,570.3756713867188,-41.96,32.83,9,17°C,Lisbon (Portugal),,,,,,,,{t1:azure;ordinaries:[{ordinary:cross;t:or;line:indented}];charges:[{charge:hook;t:sable;p:behdf;size:0.3}];shield:swiss},https://watabou.github.io/city-generator/?name=Lataylon&population=148000&size=81&seed=3346405801521&river=1&coast=0&farms=1&citadel=0&urban_castle=0&hub=0&plaza=0&greens=0&temple=0&walls=0&shantytown=0&style=natural
1522,Yara-Notre-Sauveur,Talon Andrien,Talon Andrien,Étalie,Premier Empire Étalien,Peau métissée,Capisme,village,482,1012.4247436523438,576.589111328125,-43.4,34.4,4,16°C,Dubrovnik (Croatia),,,,,,,,{t1:purpure;charges:[{charge:falchion;t:argent;p:e;t2:argent;size:1.5}];shield:swiss},https://watabou.github.io/village-generator/?pop=482&name=Yara-Notre-Sauveur&seed=3346405801522&width=800&height=390&style=default&tags=isolated%2Cfarmland%2Cno+square%2Cdense
1523,Nopol,Talon Andrien,Talon Andrien,Étalie,Premier Empire Étalien,Peau métissée,Capisme,ville,112000,1008.08935546875,582.6323852539062,-44.8,33.48,36,15°C,Rome (Italy),,,,,,,,{t1:azure;charges:[{charge:moonInCrescent;t:argent;p:e;size:1.5}];shield:swiss},https://watabou.github.io/city-generator/?name=Nopol&population=112000&size=72&seed=3346405801523&river=0&coast=0&farms=1&citadel=0&urban_castle=0&hub=0&plaza=0&greens=0&temple=0&walls=0&shantytown=0&style=natural
1524,Lionnes,Talon Andrien,Talon Andrien,Étalie,Premier Empire Étalien,Peau métissée,Capisme,ville,83000,1005.0677490234375,588.281494140625,-46.11,32.84,36,14°C,Washington (D.C.),,,,walls,,,,{t1:azure;charges:[{charge:crossGamma;t:argent;p:e;size:1.5}];shield:swiss},https://watabou.github.io/city-generator/?name=Lionnes&population=83000&size=65&seed=3346405801524&river=0&coast=0&farms=1&citadel=0&urban_castle=0&hub=0&plaza=0&greens=0&temple=0&walls=1&shantytown=0&style=natural
1525,Beaumont,Marcio,Gorzelia Province,Étalie,Premier Empire Étalien,Peau métissée,Capisme,petitvillage,67000,994.0322265625,588.8070068359375,-46.23,30.5,9,14°C,Washington (D.C.),,,citadel,,,,,{t1:azure;ordinaries:[{ordinary:gemelle;t:argent;line:straight}];charges:[{charge:cinquefoil;t:argent;p:abc;size:0.5}];shield:swiss},https://watabou.github.io/city-generator/?name=Beaumont&population=67000&size=60&seed=3346405801525&river=0&coast=0&farms=1&citadel=1&urban_castle=0&hub=0&plaza=0&greens=0&temple=0&walls=0&shantytown=0&style=natural
1526,Ribone,Marcio,Gorzelia Province,Étalie,Premier Empire Étalien,Peau métissée,Capisme,petitvillage,31000,986.68,581.14,-44.45,28.94,9,15°C,Rome (Italy),,,,,,,,{t1:semy_of_roundel2-azure-or;charges:[{charge:pike;t:argent;p:e;t2:argent;size:1.5}];shield:swiss},https://watabou.github.io/city-generator/?name=Ribone&population=31000&size=44&seed=3346405801526&river=1&coast=0&farms=1&citadel=0&urban_castle=0&hub=0&plaza=0&greens=0&temple=0&walls=0&shantytown=0&style=natural
1527,Abajou,Marcio,Gorzelia Province,Étalie,Premier Empire Étalien,Peau métissée,Capisme,ville,97000,992.1273193359375,574.093017578125,-42.82,30.1,9,16°C,Dubrovnik (Croatia),,,citadel,,,,,{t1:azure;charges:[{charge:greyhoundCourant;t:or;p:abc;t2:or;t3:argent;size:0.5}];shield:swiss},https://watabou.github.io/city-generator/?name=Abajou&population=97000&size=69&seed=3346405801527&river=0&coast=0&farms=1&citadel=1&urban_castle=0&hub=0&plaza=0&greens=0&temple=0&walls=0&shantytown=0&style=natural
1528,Newhouse,Côte-Anglaise,Côte-Anglaise,Étalie,Premier Empire Étalien,Peau métissée,Christianisme,ville,210000,1041.8590087890625,527.4910278320312,-32.04,40.63,196,22°C,Guangzhou (China),,,,,,,,{t1:argent;division:{division:chevronny;t:sable};charges:[{charge:cock;t:gules;p:e;t2:gules;t3:vert;size:1.5}];shield:swiss},https://watabou.github.io/city-generator/?name=Newhouse&population=210000&size=92&seed=3346405801528&river=0&coast=0&farms=0&citadel=0&urban_castle=0&hub=0&plaza=0&greens=0&temple=0&walls=0&shantytown=0&style=natural
1529,Harland,Côte-Anglaise,Côte-Anglaise,Étalie,Premier Empire Étalien,Peau métissée,Christianisme,petitvillage,28000,1040.2606201171875,534.95703125,-33.77,40.29,196,21°C,Tegucigalpa (Honduras),,,,,,,,{t1:argent;charges:[{charge:scissors;t:sable;p:e;size:1.5}];shield:swiss},https://watabou.github.io/city-generator/?name=Harland&population=28000&size=43&seed=3346405801529&river=0&coast=0&farms=0&citadel=0&urban_castle=0&hub=0&plaza=0&greens=0&temple=0&walls=0&shantytown=0&style=natural
1530,Anshenfield,Côte-Anglaise,Côte-Anglaise,Étalie,Premier Empire Étalien,Peau métissée,Christianisme,petitvillage,41000,1024.2911376953125,523.0542602539062,-31.02,36.91,196,24°C,Dakar (Senegal),,,,walls,,,,{t1:sable;ordinaries:[{ordinary:pale;t:argent;line:potentyDexter}];charges:[{charge:crossHummetty;t:azure;p:beh;size:0.5}];shield:swiss},https://watabou.github.io/city-generator/?name=Anshenfield&population=41000&size=49&seed=3346405801530&river=0&coast=0&farms=0&citadel=0&urban_castle=0&hub=0&plaza=0&greens=0&temple=0&walls=1&shantytown=0&style=natural
1531,Commori,North Milela,North Milela,Étalie,Premier Empire Étalien,Peau métissée,Capisme,petitvillage,23951,966.0476684570312,488.02581787109375,-22.91,24.57,225,28°C,Bangkok (Thailand),,,citadel,walls,plaza,temple,,{t1:azure;charges:[{charge:bridge2;t:argent;p:e;size:1.5}];shield:swiss},https://watabou.github.io/city-generator/?name=Commori&population=23951&size=40&seed=3346405801531&river=1&coast=0&farms=1&citadel=1&urban_castle=0&hub=0&plaza=1&greens=1&temple=1&walls=1&shantytown=0&style=natural
1532,Port-Élizabeth,Fleury,Fleury Province,Étalie,Premier Empire Étalien,Peau métissée,Capisme,petitvillage,67000,916.821044921875,524.0401000976562,-31.24,14.15,49,23°C,Rio de Janeiro (Brazil),,,,,plaza,temple,,{t1:barry-or-gules-smaller;ordinaries:[{ordinary:bendletSinister;t:sable;line:straight}];shield:swiss},https://watabou.github.io/city-generator/?name=Port-%C3%89lizabeth&population=67000&size=60&seed=3346405801532&river=1&coast=0&farms=1&citadel=0&urban_castle=0&hub=0&plaza=1&greens=1&temple=1&walls=0&shantytown=0&style=natural
1533,Victoriaville,Fleury,Fleury Province,Étalie,Premier Empire Étalien,Peau métissée,Capisme,petitvillage,34000,912.4479370117188,547.0220336914062,-36.56,13.22,36,20°C,Alexandria (Egypt),,,,,plaza,,,{t1:or;ordinaries:[{ordinary:chevron;t:gules}];charges:[{charge:inescutcheon;t:or;p:ach;size:0.5};{charge:fleurDeLis;t:gules;p:ach;size:0.25}];shield:swiss},https://watabou.github.io/city-generator/?name=Victoriaville&population=34000&size=46&seed=3346405801533&river=0&coast=0&farms=1&citadel=0&urban_castle=0&hub=0&plaza=1&greens=1&temple=0&walls=0&shantytown=0&style=natural
1534,Oursinville,Fleury,Fleury Province,Étalie,Premier Empire Étalien,Peau métissée,Capisme,petitvillage,48000,943.8969116210938,530.646240234375,-32.77,19.88,36,23°C,Rio de Janeiro (Brazil),,,,,plaza,,,{t1:azure;charges:[{charge:bugleHorn;t:argent;p:abcpqh;t2:argent;size:0.5}];shield:swiss},https://watabou.github.io/city-generator/?name=Oursinville&population=48000&size=52&seed=3346405801534&river=0&coast=0&farms=1&citadel=0&urban_castle=0&hub=0&plaza=1&greens=1&temple=0&walls=0&shantytown=0&style=natural
1535,San Bautista-Colón-de-Dios,Duchés-Saints,Duchés-Saints,Étalie,Premier Empire Étalien,Brun,Croyance Autochtone,ville,210000,849.0628662109375,527.65673828125,-32.08,-0.2,121,22°C,Guangzhou (China),,,citadel,walls,plaza,temple,shanty town,{t1:argent;ordinaries:[{ordinary:chief;t:azure;line:dragonTeeth}];shield:pavise},https://watabou.github.io/city-generator/?name=San+Bautista-Col%C3%B3n-de-Dios&population=210000&size=92&seed=3346405801535&river=1&coast=0&farms=1&citadel=1&urban_castle=0&hub=0&plaza=1&greens=1&temple=1&walls=1&shantytown=1&style=natural
1536,Ingresa,Prisoñia,Prisoñia Province de la Colonia Colón-Romácia,Étalie,Premier Empire Étalien,Brun,Capisme,petitvillage,24000,865.4562377929688,538.95703125,-34.69,3.27,144,20°C,Alexandria (Egypt),,,,,,temple,shanty town,{t1:or;charges:[{charge:palace;t:sable;p:e;size:1.5}];shield:pavise},https://watabou.github.io/city-generator/?name=Ingresa&population=24000&size=40&seed=3346405801536&river=0&coast=0&farms=1&citadel=0&urban_castle=0&hub=0&plaza=0&greens=0&temple=1&walls=0&shantytown=1&style=natural
1537,Duc de Fordunc,Duchés-Saints,Duchés-Saints,Étalie,Premier Empire Étalien,Brun,Capisme,petitvillage,45000,845.029052734375,570.29150390625,-41.94,-1.05,81,16°C,Dubrovnik (Croatia),,,,,,,,{t1:argent;charges:[{charge:stagPassant;t:purpure;p:e;t2:purpure;size:1.5}];shield:pavise},https://watabou.github.io/city-generator/?name=Duc+de+Fordunc&population=45000&size=51&seed=3346405801537&river=0&coast=0&farms=1&citadel=0&urban_castle=0&hub=0&plaza=0&greens=0&temple=0&walls=0&shantytown=0&style=natural
1538,Duc Dalma,Duchés-Saints,Duchés-Saints,Étalie,Premier Empire Étalien,Peau Blanche,Capisme,ville,95000,876.0586547851562,482.4031982421875,-21.61,5.52,9,31°C,Mecca (Saudi Arabia),,,,,,,,{t1:bendy-vert-argent;division:{division:perBend;t:or;line:straight};shield:polish},https://watabou.github.io/city-generator/?name=Duc+Dalma&population=95000&size=68&seed=3346405801538&river=0&coast=0&farms=1&citadel=0&urban_castle=0&hub=0&plaza=0&greens=0&temple=0&walls=0&shantytown=0&style=natural
1539,San Pele,Duchés-Saints,Duchés-Saints,Étalie,Premier Empire Étalien,Brun,Croyance Autochtone,ville,120000,837.228271484375,505.2853698730469,-26.9,-2.7,289,25°C,Miami (USA),,,,,,,,{t1:vert;ordinaries:[{ordinary:pallReversed;t:or}];charges:[{charge:stagPassant;t:vert;p:e;t2:vert;size:0.7}];shield:pavise},https://watabou.github.io/city-generator/?name=San+Pele&population=120000&size=74&seed=3346405801539&river=0&coast=0&farms=1&citadel=0&urban_castle=0&hub=0&plaza=0&greens=0&temple=0&walls=0&shantytown=0&style=natural
1540,Caracuaus,Duchés-Saints,Duchés-Saints,Étalie,Premier Empire Étalien,Brun,Croyance Autochtone,petitvillage,78000,791.4639282226562,508.4056701660156,-27.63,-12.4,4,27°C,Mogadishu (Somalia),,,citadel,,,,,{t1:vert;division:{division:perBend;t:or;line:embattledGrady};charges:[{charge:goutte;t:argent;p:l;size:0.7};{charge:lizard;t:gules;p:m;size:0.7}];shield:pavise},https://watabou.github.io/city-generator/?name=Caracuaus&population=78000&size=63&seed=3346405801540&river=0&coast=0&farms=1&citadel=1&urban_castle=1&hub=0&plaza=0&greens=0&temple=0&walls=0&shantytown=0&style=natural
1541,Duc Demarche,Duchés-Saints,Duchés-Saints,Étalie,Premier Empire Étalien,Brun,Capisme,petitvillage,38000,818.9806518554688,505.7510986328125,-27.01,-6.57,225,26°C,Jakarta (Indonesia),,,,,,,,{t1:gules;charges:[{charge:wolfRampant;t:or;p:e;t2:argent;t3:or;size:1.5}];shield:pavise},https://watabou.github.io/city-generator/?name=Duc+Demarche&population=38000&size=48&seed=3346405801541&river=0&coast=0&farms=1&citadel=0&urban_castle=0&hub=0&plaza=0&greens=0&temple=0&walls=0&shantytown=0&style=natural
1542,Dineroy,Duchés-Saints,Duchés-Saints,Étalie,Premier Empire Étalien,Brun,Croyance Autochtone,petitvillage,11000,855.8770751953125,494.0183410644531,-24.3,1.24,625,24°C,Dakar (Senegal),,,,,,,,{t1:gules;ordinaries:[{ordinary:fess;t:argent;line:straight}];charges:[{charge:stagPassant;t:azure;p:def;t2:azure;size:0.5}];shield:pavise},https://watabou.github.io/city-generator/?name=Dineroy&population=11000&size=30&seed=3346405801542&river=0&coast=0&farms=1&citadel=0&urban_castle=0&hub=0&plaza=0&greens=0&temple=0&walls=0&shantytown=0&style=natural
1543,Duc de Forquoueta,Quoueta-Et-Milenniar-Étalois,Quoueta-Et-Milenniar-Étalois,Étalie,Premier Empire Étalien,Brun,Capisme,village,1506,774.0988159179688,447.4412841796875,-13.52,-16.07,4,32°C,Mecca (Saudi Arabia),,,,,,,,{t1:vert;ordinaries:[{ordinary:crossParted;t:argent;line:dovetailedIndented}];charges:[{charge:oak;t:or;p:jln;t2:or;t3:or;size:0.7}];shield:pavise},https://watabou.github.io/village-generator/?pop=1506&name=Duc+de+Forquoueta&seed=3346405801543&width=1600&height=780&style=default&tags=isolated%2Cno+orchards%2Cno+square%2Cdense
1544,Breaux,Pruxe-Slamique,Pruxe-Slamique,Étalie,Premier Empire Étalien,Brun clair,Islam,fort,244,1193.626953125,543.0675659179688,-35.65,72.77,36,21°C,Tegucigalpa (Honduras),,,citadel,,,,,{t1:azure;charges:[{charge:owl;t:or;p:abcpqh;t2:or;size:0.5}];shield:french},null
1545,Belles,Pruxe-Slamique,Pruxe-Slamique,Étalie,Premier Empire Étalien,Brun clair,Islam,petitvillage,2046,1191.46630859375,531.3619384765625,-32.94,72.31,25,23°C,Rio de Janeiro (Brazil),,,,,,,,{t1:gules;division:{division:perPale;t:argent;line:indented};charges:[{charge:wolfPassant;t:or;p:p;t2:or;t3:or;size:0.7};{charge:crossPattee;t:purpure;p:q;size:0.7}];shield:french},https://watabou.github.io/city-generator/?name=Belles&population=2046&size=16&seed=3346405801545&river=0&coast=0&farms=1&citadel=0&urban_castle=0&hub=0&plaza=0&greens=0&temple=0&walls=0&shantytown=0&style=natural
1546,Itênnes,,,Éton,Duché Éton,Peau métissée,Capisme,capitale,680000,1049.8,621.27,-53.74,42.31,9,8°C,Prague (Czechia),capital,port,citadel,walls,plaza,temple,,{t1:azure;ordinaries:[{ordinary:gemelle;t:argent;line:straight}];charges:[{charge:roundel;t:or;p:jlh;size:0.7}];shield:swiss},https://watabou.github.io/city-generator/?name=It%C3%AAnnes&population=680000&size=100&seed=3346405801546&river=0&coast=1&farms=1&citadel=1&urban_castle=1&hub=0&plaza=1&greens=1&temple=1&walls=1&shantytown=0&style=natural&sea=1.63
1547,Maréchaux,Talon Étalien,Talon Étalien,Étalie,Premier Empire Étalien,Peau métissée,Capisme,petitvillage,54000,1034.4222412109375,603.2522583007812,-49.57,39.05,49,12°C,Paris (France),,,,,,,,{t1:purpure;division:{division:perPale;t:argent;line:straight};charges:[{charge:mullet4;t:or;p:e;divided:counter;size:1.5}];shield:swiss},https://watabou.github.io/city-generator/?name=Mar%C3%A9chaux&population=54000&size=55&seed=3346405801547&river=0&coast=0&farms=1&citadel=0&urban_castle=0&hub=0&plaza=0&greens=0&temple=0&walls=0&shantytown=0&style=natural
1548,Nouvel Hamlet,Talon Étalien,Talon Étalien,Étalie,Premier Empire Étalien,Peau métissée,Capisme,petitvillage,38000,1032.2889404296875,634.4763793945312,-56.79,38.6,9,6°C,Stockholm (Sweden),,,,,,,,{t1:or;ordinaries:[{ordinary:cross;t:azure;line:straight}];charges:[{charge:wyvernWithWingsDisplayed;t:argent;p:behdf;t2:gules;t3:purpure;size:0.3}];shield:swiss},https://watabou.github.io/city-generator/?name=Nouvel+Hamlet&population=38000&size=48&seed=3346405801548&river=0&coast=0&farms=0&citadel=0&urban_castle=0&hub=0&plaza=0&greens=0&temple=0&walls=0&shantytown=0&style=natural
1549,Foncet,Talon Andrien,Talon Andrien,Étalie,Premier Empire Étalien,Peau métissée,Capisme,ville,145000,981.6710205078125,623.0339965820312,-54.15,27.88,16,8°C,Prague (Czechia),,,,,,,,{t1:gules;ordinaries:[{ordinary:bendSinister;t:or;line:straight}];charges:[{charge:quatrefoil;t:gules;p:lem;size:0.5}];shield:swiss},https://watabou.github.io/city-generator/?name=Foncet&population=145000&size=80&seed=3346405801549&river=0&coast=0&farms=1&citadel=0&urban_castle=0&hub=0&plaza=0&greens=0&temple=0&walls=0&shantytown=0&style=natural
1550,Arc-Étalien,Talon Andrien,Talon Andrien,Étalie,Premier Empire Étalien,Peau métissée,Capisme,ville,180000,1015.9981689453125,601.3128662109375,-49.12,35.15,9,12°C,Paris (France),,,citadel,,,,,{t1:argent;ordinaries:[{ordinary:cross;t:azure;line:rayonne}];charges:[{charge:arrowsSheaf;t:azure;p:acgi;t2:azure;t3:azure;size:0.5}];shield:swiss},https://watabou.github.io/city-generator/?name=Arc-%C3%89talien&population=180000&size=87&seed=3346405801550&river=0&coast=0&farms=1&citadel=1&urban_castle=1&hub=0&plaza=0&greens=0&temple=0&walls=0&shantytown=0&style=natural
1551,Nouvelles-Tangé,Talon Andrien,Talon Andrien,Étalie,Premier Empire Étalien,Peau métissée,Capisme,petitvillage,45000,992.5316162109375,600.1492309570312,-48.85,30.18,36,12°C,Paris (France),,,,,,,,{t1:purpure;charges:[{charge:stagPassant;t:or;p:e;t2:or;size:1.5}];shield:swiss},https://watabou.github.io/city-generator/?name=Nouvelles-Tang%C3%A9&population=45000&size=51&seed=3346405801551&river=0&coast=0&farms=1&citadel=0&urban_castle=0&hub=0&plaza=0&greens=0&temple=0&walls=0&shantytown=0&style=natural
1552,Cristos-Ben,,,Izirel,Diocèse d'Izirel,Brun clair,Christianisme,capitale,342,1171.735107421875,485.5491638183594,-22.34,68.13,4,29°C,Niamey (Niger),capital,,citadel,,,,,{t1:sable;ordinaries:[{ordinary:flaunches;t:or}];charges:[{charge:head;t:or;p:beh;t2:or;size:0.5}];shield:french},https://watabou.github.io/city-generator/?name=Cristos-Ben&population=342&size=8&seed=3346405801552&river=0&coast=0&farms=1&citadel=1&urban_castle=1&hub=0&plaza=0&greens=0&temple=0&walls=0&shantytown=0&style=natural
1553,Barga,,,Arabie Nordique,Califat d'Arabie Nordique,Peau très claire,Islam,capitale,6581,1156.163330078125,408.42034912109375,-4.49,64.83,16,34°C,Mecca (Saudi Arabia),capital,,,,,,,{t1:vert;ordinaries:[{ordinary:bendlet;t:argent;line:invecked}];charges:[{charge:fusil;t:vert;p:joe;size:0.3}];shield:oldFrench},https://watabou.github.io/city-generator/?name=Barga&population=6581&size=25&seed=3346405801553&river=0&coast=0&farms=1&citadel=0&urban_castle=0&hub=0&plaza=0&greens=0&temple=0&walls=0&shantytown=0&style=natural
1554,New Roma,Bushard Bay,Bushard Bay,Étalie,Premier Empire Étalien,Peau métissée,Capisme,village,1344,1147.6158447265625,554.6271362304688,-38.32,63.02,16,19°C,Marrakesh (Morocco),,,,,,,,{t1:vair-or-sable;charges:[{charge:mascle;t:purpure;p:kn;size:0.7}];shield:swiss},https://watabou.github.io/village-generator/?pop=1344&name=New+Roma&seed=3346405801554&width=1400&height=683&style=default&tags=isolated%2Cno+square%2Cdense
1555,Duc de Laungay,Duchés-Saints,Duchés-Saints,Étalie,Premier Empire Étalien,Wildlands,Capisme,petitvillage,5212,811.4,515.42,-29.25,-8.17,4,25°C,Miami (USA),,,,,,,,{t1:argent;charges:[{charge:boat;t:purpure;p:e;t2:purpure;size:1.5}];shield:round},https://watabou.github.io/city-generator/?name=Duc+de+Laungay&population=5212&size=23&seed=3346405801555&river=0&coast=0&farms=1&citadel=0&urban_castle=0&hub=0&plaza=0&greens=0&temple=0&walls=0&shantytown=0&style=natural
1556,Duc de Bretbury,Duchés Colons,Duchés Colons,Dimensionworld,Duchy of Mstia,Wildlands,Capisme,petitvillage,6737,804.685791015625,409.7065124511719,-4.79,-9.6,169,33°C,Mecca (Saudi Arabia),,,,walls,,,,{t1:vert;division:{division:perFess;t:or;line:dovetailedIndented};charges:[{charge:bowWithArrow;t:argent;p:k;t2:argent;t3:argent;size:0.7};{charge:hatchet;t:gules;p:n;size:0.7}];shield:round},https://watabou.github.io/city-generator/?name=Duc+de+Bretbury&population=6737&size=25&seed=3346405801556&river=0&coast=0&farms=1&citadel=0&urban_castle=0&hub=0&plaza=0&greens=0&temple=0&walls=1&shantytown=0&style=natural
1557,UR,,,UR,Union Royéenne,Peau métissée,Capisme,capitale,0,905.573486328125,561.0361938476562,-39.8,11.77,81,17°C,Lisbon (Portugal),capital,,,,,,,{t1:azure;division:{division:perChevronReversed;t:argent;line:embattledNotched};charges:[{charge:crossCeltic;t:or;p:e;size:1.5}];shield:swiss},https://watabou.github.io/city-generator/?name=UR&population=0&size=6&seed=3346405801557&river=0&coast=0&farms=0&citadel=0&urban_castle=0&hub=0&plaza=0&greens=0&temple=0&walls=0&shantytown=0&style=natural
1561,San Padour,,,Dimensionworld,Duchy of Mstia,Brun,Croyance Autochtone,village,225,816.7965698242188,478.17572021484375,-20.63,-7.03,324,29°C,Niamey (Niger),,,,,,,,{t1:azure;division:{division:perChevronReversed;t:or;line:straight};charges:[{charge:stagPassant;t:argent;p:dfbh;t2:argent;divided:counter;size:0.5}];shield:pavise},https://watabou.github.io/village-generator/?pop=225&name=San+Padour&seed=3346405801561&width=800&height=390&style=default&tags=isolated%2Cno+orchards%2Cno+square
1563,Duc Demarsévie,Duchés Colons,Duchés Colons,Dimensionworld,Duchy of Mstia,Peau Blanche,Capisme,petitvillage,9092,871.3040161132812,460.81573486328125,-16.62,4.51,256,30°C,Khartoum (Sudan),,,,,,,,{t1:azure;ordinaries:[{ordinary:saltire;t:argent;line:straight}];charges:[{charge:triangle;t:azure;p:jlemo;size:0.4}];shield:polish},https://watabou.github.io/city-generator/?name=Duc+Demars%C3%A9vie&population=9092&size=28&seed=3346405801563&river=0&coast=0&farms=1&citadel=0&urban_castle=0&hub=0&plaza=0&greens=0&temple=0&walls=0&shantytown=0&style=natural
1564,Duc Debozhets,Duchés Colons,Duchés Colons,Dimensionworld,Duchy of Mstia,Peau Blanche,Croyance Autochtone,village,701,809.3187255859375,455.3211975097656,-15.34,-8.61,9,32°C,Mecca (Saudi Arabia),,,,,,,,{t1:or;charges:[{charge:bone;t:azure;p:jln;size:0.7}];shield:polish},https://watabou.github.io/village-generator/?pop=701&name=Duc+Debozhets&seed=3346405801564&width=1000&height=488&style=default&tags=confluence%2Cisolated%2Cno+orchards%2Cno+square%2Cdense
1565,Duc Derapio,Duchés Colons,Duchés Colons,Dimensionworld,Duchy of Mstia,Brun,Capisme,village,767,787.5612182617188,479.99713134765625,-21.05,-13.22,16,31°C,Mecca (Saudi Arabia),,,,,,,,{t1:argent;ordinaries:[{ordinary:chief;t:sable;line:raguly}];charges:[{charge:lymphad;t:argent;p:b;t2:purpure;t3:argent;size:0.5}];shield:pavise},https://watabou.github.io/village-generator/?pop=767&name=Duc+Derapio&seed=3346405801565&width=1000&height=488&style=default&tags=dead+end%2Cno+orchards%2Cno+square%2Cdense
1566,Duc Dejolicour,Duchés-Saints,Duchés-Saints,Étalie,Premier Empire Étalien,Brun,Capisme,village,1205,864.6678466796875,514.36181640625,-29,3.11,289,23°C,Rio de Janeiro (Brazil),,,,,,,,{t1:purpure;charges:[{charge:spiral;t:argent;p:jlh;size:0.7}];shield:pavise},https://watabou.github.io/village-generator/?pop=1205&name=Duc+Dejolicour&seed=3346405801566&width=1400&height=683&style=default&tags=highway%2Cno+square%2Cdense
1567,UHR,,,UHR,Union de la Haute-Romanie,Peau métissée,Capisme,capitale,0,903.396728515625,568.4463500976562,-41.52,11.31,49,17°C,Lisbon (Portugal),capital,,,,,,,{t1:argent;ordinaries:[{ordinary:chevron;t:sable}];shield:swiss},https://watabou.github.io/city-generator/?name=UHR&population=0&size=6&seed=3346405801567&river=0&coast=0&farms=0&citadel=0&urban_castle=0&hub=0&plaza=0&greens=0&temple=0&walls=0&shantytown=0&style=natural
1568,Beres,,,Coulle,Junta of Coulle,Brun clair,Ginessémanie,capitale,61,1232,557,-38.87,80.89,5329,-16°C,Yakutsk (Russia),capital,,,,,,,{t1:bendy-azure-argent;ordinaries:[{ordinary:bordure;t:or}];shield:french},https://watabou.github.io/city-generator/?name=Beres&population=61&size=6&seed=3346405801568&river=0&coast=0&farms=0&citadel=0&urban_castle=0&hub=0&plaza=0&greens=0&temple=0&walls=0&shantytown=0&style=natural
1570,Sudvilla,Territoire-Du-Sud,Territoire-Du-Sud,Étalie,Premier Empire Étalien,Brun,Dandéisme,petitvillage,55000,642.5437622070312,627.8392333984375,-55.26,-43.93,25,8°C,Prague (Czechia),,,,,,,,{t1:sable;division:{division:perBend;t:bendy-argent-gules;line:indented};charges:[{charge:crescent;t:or;p:bcfdgh;size:0.4}];shield:pavise},https://watabou.github.io/city-generator/?name=Sudvilla&population=55000&size=55&seed=3346405801570&river=0&coast=0&farms=1&citadel=0&urban_castle=0&hub=0&plaza=0&greens=0&temple=0&walls=0&shantytown=0&style=natural
1571,Sudmark,Territoire-Du-Sud,Territoire-Du-Sud,Étalie,Premier Empire Étalien,Brun,Croyance Autochtone,petitvillage,132000,679.6103515625,587.5337524414062,-45.93,-36.08,16,15°C,Rome (Italy),,,citadel,,,,,{t1:or;ordinaries:[{ordinary:mount;t:azure}];charges:[{charge:lizard;t:sable;p:e;size:1.5}];shield:pavise},https://watabou.github.io/city-generator/?name=Sudmark&population=132000&size=77&seed=3346405801571&river=0&coast=0&farms=1&citadel=1&urban_castle=0&hub=0&plaza=0&greens=0&temple=0&walls=0&shantytown=0&style=natural
1572,Port-Méridien,Territoire-Du-Sud,Territoire-Du-Sud,Étalie,Premier Empire Étalien,Brun,Croyance Autochtone,petitvillage,105000,732.87,567.74,-41.35,-24.8,4,17°C,Lisbon (Portugal),,,citadel,,,,,{t1:gules;charges:[{charge:camel;t:or;p:e;t2:argent;size:1.5}];shield:pavise},https://watabou.github.io/city-generator/?name=Port-M%C3%A9ridien&population=105000&size=71&seed=3346405801572&river=0&coast=0&farms=1&citadel=1&urban_castle=1&hub=0&plaza=0&greens=0&temple=0&walls=0&shantytown=0&style=natural
1573,Mer Saint-Louis,Territoire-Du-Sud,Territoire-Du-Sud,Étalie,Premier Empire Étalien,Brun,Dandéisme,village,580000,758.6018676757812,502.96429443359375,-26.37,-19.35,16,27°C,Mogadishu (Somalia),,,,,,,,{t1:gules;charges:[{charge:wheel;t:or;p:e;size:1.5}];shield:pavise},https://watabou.github.io/village-generator/?pop=580000&name=Mer+Saint-Louis&seed=3346405801573&width=1600&height=780&style=default&tags=isolated%2Cno+square%2Cdense
1574,Lacétal,Territoire-Du-Roy,Territoire-Du-Roy,Étalie,Premier Empire Étalien,Brun,Dandéisme,village,118000,647.3067016601562,512.8116455078125,-28.65,-42.92,49,27°C,Mogadishu (Somalia),,,,,,,,{t1:or;charges:[{charge:stagLodgedRegardant;t:gules;p:jln;t2:gules;t3:gules;size:0.7}];shield:pavise},https://watabou.github.io/village-generator/?pop=118000&name=Lac%C3%A9tal&seed=3346405801574&width=1600&height=780&style=default&tags=highway%2Cno+square%2Cdense
1575,Imperiola,Territoire-Du-Roy,Territoire-Du-Roy,Étalie,Premier Empire Étalien,Brun,Dandéisme,petitvillage,390000,613.9337158203125,467.6029052734375,-18.19,-49.99,4,32°C,Mecca (Saudi Arabia),,,,,,,,{t1:or;ordinaries:[{ordinary:fess;t:azure;line:potentySinister}];charges:[{charge:butterfly;t:or;p:def;t2:or;t3:sable;size:0.5}];shield:pavise},https://watabou.github.io/city-generator/?name=Imperiola&population=390000&size=100&seed=3346405801575&river=1&coast=0&farms=1&citadel=0&urban_castle=0&hub=0&plaza=0&greens=0&temple=0&walls=0&shantytown=0&style=natural
1576,Estmontagne,Territoire-Du-Nord,Territoire-Du-Nord,Étalie,Premier Empire Étalien,Peau Blanche,Dandéisme,petitvillage,42000,625.3814697265625,450.1402893066406,-14.15,-47.57,64,32°C,Mecca (Saudi Arabia),,,,,,,,{t1:azure;division:{division:gyronny;t:or};shield:polish},https://watabou.github.io/city-generator/?name=Estmontagne&population=42000&size=50&seed=3346405801576&river=1&coast=0&farms=1&citadel=0&urban_castle=0&hub=0&plaza=0&greens=0&temple=0&walls=0&shantytown=0&style=natural
1577,Centreval,Territoire-Du-Roy,Territoire-Du-Roy,Étalie,Premier Empire Étalien,Brun,Dandéisme,petitvillage,82000,595.5009765625,464.6924743652344,-17.51,-53.89,81,31°C,Mecca (Saudi Arabia),,,,,,,,{t1:argent;charges:[{charge:swan;t:vert;p:beh;t2:vert;t3:gules;size:0.5}];shield:pavise},https://watabou.github.io/city-generator/?name=Centreval&population=82000&size=64&seed=3346405801577&river=0&coast=0&farms=1&citadel=0&urban_castle=0&hub=0&plaza=0&greens=0&temple=0&walls=0&shantytown=0&style=natural
1578,Port-DuRoy,Territoire-Du-Roy,Territoire-Du-Roy,Étalie,Premier Empire Étalien,Brun,Dandéisme,village,720000,586.9637451171875,476.9162902832031,-20.34,-55.7,64,32°C,Mecca (Saudi Arabia),,,,,,,,{t1:gules;ordinaries:[{ordinary:fessCotissed;t:or;line:wavy}];charges:[{charge:swan;t:argent;p:e;t2:argent;t3:argent;size:1.5}];shield:pavise},https://watabou.github.io/village-generator/?pop=720000&name=Port-DuRoy&seed=3346405801578&width=1600&height=780&style=default&tags=isolated%2Cno+orchards%2Cno+square%2Cdense
1579,Nordvale,Territoire-Du-Nord,Territoire-Du-Nord,Étalie,Premier Empire Étalien,Peau Blanche,No religion,village,16200,514.495849609375,380.2135009765625,2.03,-71.05,144,33°C,Mecca (Saudi Arabia),,,,,,,,{t1:azure;charges:[{charge:greyhoundSejant;t:argent;p:e;t2:argent;t3:argent;size:1.5}];shield:polish},https://watabou.github.io/village-generator/?pop=16200&name=Nordvale&seed=3346405801579&width=1600&height=780&style=default&tags=confluence%2Cisolated%2Cno+orchards%2Cno+square%2Cdense
1580,Rive-DesRoys,Territoire-Du-Nord,Territoire-Du-Nord,Étalie,Premier Empire Étalien,Brun,Dandéisme,village,68000,541.6460571289062,418.9664611816406,-6.93,-65.3,121,33°C,Mecca (Saudi Arabia),,,,,,,,{t1:gules;division:{division:perPale;t:argent;line:straight};charges:[{charge:ladder;t:or;p:pq;divided:counter;size:0.7}];shield:pavise},https://watabou.github.io/village-generator/?pop=68000&name=Rive-DesRoys&seed=3346405801580&width=1600&height=780&style=default&tags=isolated%2Cno+orchards%2Cno+square%2Cdense
1581,Frontburg,Territoire-Du-Nord,Territoire-Du-Nord,Étalie,Premier Empire Étalien,Brun,Dandéisme,Hameau,28000,517.4194946289062,442.9379577636719,-12.48,-70.43,361,31°C,Mecca (Saudi Arabia),,,,,,,,{t1:gules;charges:[{charge:wolfHeadErased;t:argent;p:kn;t2:argent;size:0.7}];shield:pavise},https://watabou.github.io/village-generator/?pop=28000&name=Frontburg&seed=3346405801581&width=1600&height=780&style=default&tags=river%2Cisolated%2Cno+orchards%2Cno+square%2Cdense
1582,Boréalise,Territoire-Du-Nord,Territoire-Du-Nord,Étalie,Premier Empire Étalien,Peau Blanche,Dandéisme,village,245000,575.7821655273438,404.9598693847656,-3.69,-58.07,64,34°C,Mecca (Saudi Arabia),,,,,,,,{t1:or;charges:[{charge:escallop;t:gules;p:jeo;size:0.5}];shield:polish},https://watabou.github.io/village-generator/?pop=245000&name=Bor%C3%A9alise&seed=3346405801582&width=1600&height=780&style=default&tags=estuary%2Cisolated%2Cno+orchards%2Cno+square%2Cdense
1583,Valcourt,Territoire-Du-Nord,Territoire-Du-Nord,Étalie,Premier Empire Étalien,Brun,Dandéisme,village,35000,525.2531127929688,518.0866088867188,-29.87,-68.77,400,22°C,Guangzhou (China),,,,,,,,{t1:gules;charges:[{charge:windmill;t:argent;p:e;t2:argent;t3:argent;size:1.5}];shield:pavise},https://watabou.github.io/village-generator/?pop=35000&name=Valcourt&seed=3346405801583&width=1600&height=780&style=default&tags=river%2Cisolated%2Cno+square%2Cdense
1584,Lacosud,Territoire-Du-Roy,Territoire-Du-Roy,Étalie,Premier Empire Étalien,Brun,Dandéisme,petitvillage,48000,535.1997680664062,597.7925415039062,-48.31,-66.66,100,11°C,Antwerp (Belgium),,,,walls,,,,{t1:argent;division:{division:perPale;t:vair-azure-or;line:potentyDexter};charges:[{charge:crossHummetty;t:vert;p:p;size:0.7};{charge:rustre;t:purpure;p:q;size:0.7}];shield:pavise},https://watabou.github.io/city-generator/?name=Lacosud&population=48000&size=52&seed=3346405801584&river=1&coast=0&farms=1&citadel=0&urban_castle=0&hub=0&plaza=0&greens=0&temple=0&walls=1&shantytown=0&style=natural
1585,Roymont,Territoire-Du-Roy,Territoire-Du-Roy,Étalie,Premier Empire Étalien,Brun,Dandéisme,petitvillage,310000,561.458984375,553.761962890625,-38.12,-61.1,25,20°C,Alexandria (Egypt),,,,walls,,,,{t1:argent;charges:[{charge:ladybird;t:purpure;p:e;t2:purpure;t3:azure;size:1.5}];shield:pavise},https://watabou.github.io/city-generator/?name=Roymont&population=310000&size=100&seed=3346405801585&river=1&coast=0&farms=1&citadel=0&urban_castle=0&hub=0&plaza=0&greens=0&temple=0&walls=1&shantytown=0&style=natural
1586,Nouvel-Étalo,Nouvelle-Étalie,Nouvelle-Étalie,Étalie,Premier Empire Étalien,Brun,Dandéisme,village,2980000,588.0165405273438,510.25146484375,-28.05,-55.48,16,27°C,Mogadishu (Somalia),,,,,,,,{t1:sable;charges:[{charge:scale;t:argent;p:jlh;t2:argent;size:0.7}];shield:pavise},https://watabou.github.io/village-generator/?pop=2980000&name=Nouvel-%C3%89talo&seed=3346405801586&width=1600&height=780&style=default&tags=isolated%2Cno+square%2Cdense
1587,Chritsburg,Territoire-Des-Chrits,Territoire-Des-Chrits,Étalie,Premier Empire Étalien,Brun,Dandéisme,village,148000,608.3045043945312,542.272216796875,-35.46,-51.18,81,20°C,Alexandria (Egypt),,,,,,,,{t1:or;division:{division:gyronny;t:gules};charges:[{charge:dragonfly;t:azure;p:e;t2:azure;divided:counter;size:1.5}];shield:pavise},https://watabou.github.io/village-generator/?pop=148000&name=Chritsburg&seed=3346405801587&width=1600&height=780&style=default&tags=isolated%2Cno+square%2Cdense
1588,Roydé,Territoire-D'Angé,Territoire-D'Angé,Étalie,Premier Empire Étalien,Brun,Dandéisme,village,763,650.5651245117188,534.744384765625,-33.72,-42.23,16,22°C,Guangzhou (China),,,,,,,,{t1:argent;ordinaries:[{ordinary:orle;t:purpure}];charges:[{charge:serpent;t:purpure;p:ken;t2:purpure;size:0.4}];shield:pavise},https://watabou.github.io/village-generator/?pop=763&name=Royd%C3%A9&seed=3346405801588&width=1000&height=488&style=default&tags=confluence%2Cisolated%2Cuncultivated%2Cno+square%2Cdense
1589,Angé,Territoire-D'Angé,Territoire-D'Angé,Étalie,Premier Empire Étalien,Brun,Dandéisme,petitvillage,5410,673.35498046875,560.6775512695312,-39.72,-37.41,25,18°C,Barcelona (Spain),,,,,,,,{t1:argent;ordinaries:[{ordinary:fessCotissed;t:purpure;line:straight}];charges:[{charge:lionPassant;t:or;p:e;t2:or;t3:or;size:0.7}];shield:pavise},https://watabou.github.io/city-generator/?name=Ang%C3%A9&population=5410&size=23&seed=3346405801589&river=0&coast=0&farms=0&citadel=0&urban_castle=0&hub=0&plaza=0&greens=0&temple=0&walls=0&shantytown=0&style=natural
1590,Korsk,Agort,Agort,Étalie,Premier Empire Étalien,Peau Blanche,Hawamarois,Hameau,50,439.6798095703125,86.98092651367188,69.88,-86.89,4,-5°C,Snag (Yukon),,,,,,,,{t1:purpure;ordinaries:[{ordinary:chief;t:argent;line:straight}];charges:[{charge:wasp;t:purpure;p:abc;t2:purpure;t3:purpure;size:0.5;reversed:1}];shield:polish},https://watabou.github.io/village-generator/?pop=50&name=Korsk&seed=3346405801590&width=400&height=195&style=snow&tags=island%2Cdistrict%2Cisolated%2Cuncultivated%2Cno+orchards%2Cno+square%2Csparse
